img1,img2,label,b1,b2
23\Mug023.jpg,23\Y2015M05D15h20m13s21PTZ1.jpg,1,"(16, 227, 10, 284)","(970, 1168, 681, 957)"
29\CCTV029.jpg,29\Y2015M05D28h15m51s06PTZ6.jpg,1,"(958, 1345, 448, 1038)","(852, 1251, 237, 811)"
206\CCTV206.jpg,18\Y2015M05D12h10m32s06PTZ5.jpg,0,"(877, 1231, 400, 879)","(853, 1214, 462, 882)"
156\Mug156.jpg,156\Y2015M05D07h11m14s38PTZ1.jpg,1,"(51, 260, 6, 289)","(909, 1231, 229, 678)"
4\Mug004.jpg,4\Y2015M05D04h04m10s28PTZ1.jpg,1,"(29, 240, 45, 303)","(1252, 1594, 401, 910)"
139\Mug139.jpg,139\Y2015M05D08h12m49s52PTZ4.jpg,1,"(28, 231, 53, 304)","(681, 1005, 413, 840)"
98\CCTV098.jpg,58\Y2015M04D29h04m34s49PTZ5.jpg,0,"(830, 1079, 389, 729)","(989, 1269, 477, 857)"
98\Mug098.jpg,57\Y2015M05D06h04m19s12PTZ1.jpg,0,"(3, 226, 3, 302)","(1056, 1523, 200, 846)"
146\CCTV146.jpg,265\Y2015M05D25h16m17s57PTZ1.jpg,0,"(458, 709, 386, 697)","(1468, 1690, 365, 641)"
3\CCTV003.jpg,3\Y2015M04D28h03m01s26PTZ2.jpg,1,"(1162, 1468, 546, 946)","(1126, 1396, 475, 714)"
242\Mug242.jpg,172\Y2015M06D18h17m11s03PTZ1.jpg,0,"(32, 240, 51, 295)","(1280, 1472, 712, 955)"
213\Probe213.jpg,213\Y2015M06D09h11m53s19PTZ2.jpg,1,"(397, 691, 551, 981)","(1138, 1304, 349, 634)"
158\CCTV158.jpg,158\Y2015M05D07h05m58s29PTZ4.jpg,1,"(347, 773, 253, 850)","(742, 1105, 449, 906)"
248\CCTV248.jpg,175\Y2015M06D15h17m28s49PTZ2.jpg,0,"(964, 1338, 523, 1032)","(383, 675, 356, 681)"
136\CCTV136.jpg,136\Y2015M05D07h12m16s03PTZ1.jpg,1,"(1403, 1815, 383, 970)","(973, 1281, 356, 806)"
144\CCTV144.jpg,250\Y2015M05D19h12m49s00PTZ1.jpg,0,"(633, 912, 587, 975)","(1004, 1204, 323, 587)"
188\Probe188.JPG,188\Y2015M06D15h12m11s59PTZ2.jpg,1,"(282, 471, 464, 709)","(1008, 1211, 699, 961)"
18\CCTV018.jpg,123\Y2015M05D06h12m02s12PTZ6.jpg,0,"(928, 1245, 509, 900)","(353, 626, 461, 810)"
188\Mug188.jpg,179\Y2015M06D12h09m38s57PTZ5.jpg,0,"(4, 217, 3, 267)","(942, 1206, 276, 691)"
42\CCTV042.jpg,227\Y2015M05D26h19m38s39PTZ5.jpg,0,"(737, 1152, 335, 890)","(928, 1154, 461, 782)"
12\CCTV012.jpg,182\Y2015M07D03h13m53s26PTZ1.jpg,0,"(1136, 1355, 501, 793)","(1216, 1639, 183, 752)"
177\CCTV177.jpg,121\Y2015M05D05h03m31s38PTZ4.jpg,0,"(939, 1324, 368, 891)","(1315, 1537, 670, 931)"
59\Mug059.jpg,40\Y2015M04D28h05m43s02PTZ2.jpg,0,"(14, 212, 25, 270)","(982, 1229, 483, 799)"
59\Mug059.jpg,12\Y2015M06D23h16m18s08PTZ5.jpg,0,"(14, 212, 25, 270)","(769, 1213, 352, 980)"
67\Mug067.jpg,67\Y2015M05D06h03m18s49PTZ5.jpg,1,"(4, 217, 3, 262)","(1384, 1685, 283, 665)"
162\CCTV162.jpg,162\Y2015M05D12h12m37s30PTZ2.jpg,1,"(1391, 1843, 205, 809)","(1145, 1370, 407, 704)"
233\Mug233.jpg,220\Y2015M05D13h03m48s54PTZ1.jpg,0,"(22, 233, 5, 307)","(1286, 1484, 425, 725)"
250\CCTV250.jpg,259\Y2015M05D21h17m43s28PTZ4.jpg,0,"(916, 1204, 439, 821)","(877, 1228, 471, 912)"
16\Mug016.jpg,16\Y2015M06D08h18m04s38PTZ1.jpg,1,"(25, 236, 0, 325)","(1127, 1344, 652, 947)"
161\CCTV161.jpg,72\Y2015M05D11h12m21s33PTZ4.jpg,0,"(997, 1224, 604, 916)","(1038, 1394, 448, 956)"
217\CCTV217.jpg,217\Y2015M05D14h10m18s39PTZ1.jpg,1,"(1032, 1409, 377, 875)","(427, 597, 669, 897)"
46\Mug046.jpg,46\Y2015M04D28h06m03s18PTZ2.jpg,1,"(6, 191, 1, 293)","(672, 886, 518, 793)"
91\CCTV091.jpg,91\Y2015M05D05h01m06s44PTZ2.jpg,1,"(667, 1011, 379, 890)","(605, 835, 492, 829)"
167\Mug167.jpg,167\Y2015M05D13h04m10s40PTZ10.jpg,1,"(3, 230, 5, 304)","(1222, 1605, 194, 747)"
204\CCTV204.jpg,54\Y2015M05D08h10m22s20PTZ4.jpg,0,"(1066, 1274, 589, 861)","(1268, 1629, 358, 813)"
42\Probe042.jpg,42\Y2015M06D03h16m51s43PTZ1.jpg,1,"(355, 725, 452, 983)","(1280, 1501, 565, 860)"
94\Probe094.jpg,94\Y2015M05D04h04m11s37PTZ3.jpg,1,"(444, 714, 466, 908)","(1347, 1565, 736, 1023)"
220\CCTV220.jpg,172\Y2015M06D18h17m11s03PTZ1.jpg,0,"(1202, 1559, 236, 746)","(1280, 1472, 712, 955)"
25\Mug025.jpg,25\Y2015M06D11h17m03s14PTZ1.jpg,1,"(31, 232, 45, 302)","(634, 882, 381, 723)"
117\Mug117.jpg,76\Y2015M05D21h17m57s18PTZ1.jpg,0,"(12, 223, 21, 276)","(1115, 1297, 395, 630)"
58\CCTV058.jpg,30\Y2015M04D28h03m17s36PTZ3.jpg,0,"(859, 1108, 337, 687)","(809, 1112, 498, 949)"
96\Mug096.jpg,96\Y2015M05D13h09m53s29PTZ4.jpg,1,"(18, 224, 4, 295)","(983, 1408, 392, 1011)"
79\Mug079.jpg,79\Y2015M06D08h17m13s17PTZ1.jpg,1,"(59, 261, 0, 320)","(856, 1048, 237, 481)"
58\Probe058.jpg,58\Y2015M04D29h04m34s49PTZ5.jpg,1,"(260, 466, 432, 735)","(989, 1269, 477, 857)"
138\Mug138.jpg,33\Y2015M05D14h19m24s08PTZ2.jpg,0,"(3, 238, 8, 301)","(1057, 1274, 632, 918)"
69\CCTV069.jpg,69\Y2015M06D11h13m40s57PTZ1.jpg,1,"(885, 1038, 454, 644)","(488, 864, 443, 1006)"
71\CCTV071.jpg,71\Y2015M06D12h13m02s12PTZ2.jpg,1,"(633, 1045, 478, 1050)","(1305, 1568, 484, 849)"
142\CCTV142.jpg,138\Y2015M05D11h12m46s33PTZ3.jpg,0,"(1138, 1534, 369, 868)","(1434, 1637, 646, 911)"
105\Mug105.jpg,207\Y2015M05D12h03m14s59PTZ2.jpg,0,"(6, 233, 8, 309)","(1516, 1770, 618, 939)"
73\CCTV073.jpg,73\Y2015M05D26h19m31s06PTZ2.jpg,1,"(135, 470, 495, 931)","(92, 308, 710, 986)"
206\Mug206.jpg,194\Y2015M06D09h10m33s44PTZ2.jpg,0,"(12, 224, 18, 284)","(1202, 1410, 717, 1007)"
260\Mug260.jpg,109\Y2015M06D12h16m51s11PTZ2.jpg,0,"(6, 214, 7, 267)","(1290, 1694, 352, 896)"
196\Mug196.jpg,57\Y2015M04D30h04m39s24PTZ5.jpg,0,"(32, 233, 50, 298)","(978, 1254, 551, 911)"
213\Mug213.jpg,96\Y2015M05D13h09m53s29PTZ2.jpg,0,"(11, 209, 14, 314)","(1005, 1296, 593, 1001)"
108\Probe108.jpg,108\Y2015M05D18h15m16s17PTZ2.jpg,1,"(293, 481, 370, 653)","(1077, 1315, 563, 917)"
63\Probe063.jpg,63\Y2015M05D11h12m27s06PTZ3.jpg,1,"(338, 656, 607, 997)","(1121, 1333, 708, 948)"
57\Mug057.jpg,216\Y2015M06D08h14m54s52PTZ1.jpg,0,"(19, 225, 16, 277)","(759, 990, 485, 812)"
228\Mug228.jpg,120\Y2015M06D08h19m28s37PTZ3.jpg,0,"(15, 217, 8, 292)","(740, 1158, 459, 1005)"
268\Mug268.jpg,268\Y2015M06D11h13m22s05PTZ2.jpg,1,"(28, 235, 40, 311)","(807, 1108, 237, 671)"
197\Mug197.jpg,23\Y2015M05D22h17m07s17PTZ3.jpg,0,"(8, 215, 7, 318)","(1104, 1476, 430, 929)"
225\Probe225.jpg,225\Y2015M05D13h04m35s29PTZ1.jpg,1,"(423, 751, 494, 959)","(1204, 1435, 433, 728)"
139\Mug139.jpg,139\Y2015M05D07h04m12s22PTZ2.jpg,1,"(28, 231, 53, 304)","(1068, 1251, 362, 631)"
98\CCTV098.jpg,134\Y2015M05D13h03m59s37PTZ2.jpg,0,"(830, 1079, 389, 729)","(328, 537, 165, 448)"
31\Mug031.jpg,164\Y2015M10D01h15m55s02PTZ2.jpg,0,"(4, 208, 4, 281)","(1131, 1301, 620, 860)"
171\Mug171.jpg,81\Y2015M04D30h12m45s30PTZ7.jpg,0,"(2, 221, 25, 304)","(516, 823, 596, 1016)"
96\CCTV095.jpg,12\Y2015M06D23h16m18s08PTZ5.jpg,0,"(823, 1113, 480, 876)","(769, 1213, 352, 980)"
20\CCTV020.jpg,24\Y2015M06D03h17m11s45PTZ5.jpg,0,"(0, 1920, 0, 1080)","(521, 945, 501, 1075)"
118\CCTV118.jpg,118\Y2015M05D05h04m17s29PTZ1.jpg,1,"(451, 811, 192, 710)","(258, 639, 411, 988)"
45\Mug045.jpg,72\Y2015M05D11h12m21s33PTZ2.jpg,0,"(37, 226, 44, 303)","(690, 973, 400, 823)"
43\CCTV043.jpg,43\Y2015M05D07h05m39s29PTZ4.jpg,1,"(334, 691, 401, 867)","(832, 1183, 442, 896)"
120\Mug120.jpg,120\Y2015M06D08h12m47s36PTZ3.jpg,1,"(17, 226, 11, 280)","(1128, 1491, 621, 1079)"
184\Mug184.jpg,120\Y2015M05D11h06m58s46PTZ1.jpg,0,"(7, 232, 7, 294)","(883, 1074, 169, 411)"
5\CCTV005.jpg,5\Y2015M05D05h01m03s21PTZ1.jpg,1,"(1285, 1702, 286, 840)","(612, 848, 480, 766)"
113\Mug113.jpg,213\Y2015M06D12h12m30s02PTZ1.jpg,0,"(5, 253, 9, 286)","(1075, 1362, 215, 551)"
3\CCTV003.jpg,3\Y2015M05D11h07m09s21PTZ8.jpg,1,"(1162, 1468, 546, 946)","(328, 779, 207, 852)"
208\CCTV208.jpg,212\Y2015M05D26h19m54s16PTZ2.jpg,0,"(879, 1127, 408, 733)","(1024, 1306, 341, 727)"
15\Mug015.jpg,217\Y2015M05D19h12m25s48PTZ1.jpg,0,"(17, 214, 11, 279)","(1179, 1483, 292, 606)"
59\CCTV059.jpg,59\Y2015M04D29h05m39s56PTZ3.jpg,1,"(1084, 1443, 199, 676)","(670, 940, 426, 774)"
139\Probe139.jpg,139\Y2015M05D07h04m12s22PTZ2.jpg,1,"(411, 684, 684, 1069)","(1068, 1251, 362, 631)"
242\CCTV242.jpg,242\Y2015M06D15h16m19s08PTZ1.jpg,1,"(360, 718, 535, 1037)","(1074, 1287, 497, 788)"
165\Mug165.jpg,171\Y2015M05D08h04m48s31PTZ5.jpg,0,"(15, 209, 0, 315)","(1317, 1565, 562, 878)"
266\Mug266.jpg,204\Y2015M05D13h01m49s03PTZ1.jpg,0,"(10, 223, 7, 306)","(858, 1014, 90, 286)"
250\Mug250.jpg,233\Y2015M05D22h14m22s05PTZ1.jpg,0,"(5, 227, 10, 300)","(1551, 1801, 536, 879)"
67\Probe067.jpg,67\Y2015M05D06h03m18s49PTZ3.jpg,1,"(336, 629, 652, 1030)","(883, 1130, 384, 695)"
16\Probe016.jpg,16\Y2015M05D07h06m27s23PTZ4.jpg,1,"(326, 626, 697, 1158)","(672, 976, 646, 1047)"
242\CCTV242.jpg,242\Y2015M06D03h12m25s24PTZ6.jpg,1,"(360, 718, 535, 1037)","(514, 804, 399, 742)"
149\Mug149.jpg,10\Y2015M05D06h05m02s17PTZ1.jpg,0,"(15, 231, 19, 281)","(1056, 1285, 424, 739)"
138\Probe138.jpg,138\Y2015M05D22h12m44s56PTZ3.jpg,1,"(426, 729, 590, 989)","(775, 1107, 433, 895)"
63\Mug063.jpg,224\Y2015M05D14h18m31s53PTZ1.jpg,0,"(41, 258, 15, 271)","(1286, 1667, 316, 805)"
227\Mug227.jpg,227\Y2015M05D26h19m38s39PTZ1.jpg,1,"(20, 219, 9, 296)","(1230, 1403, 611, 850)"
4\CCTV004.jpg,77\Y2015M05D19h12m05s41PTZ3.jpg,0,"(337, 745, 434, 1021)","(1271, 1653, 525, 885)"
98\Mug098.jpg,142\Y2015M06D24h10m41s16PTZ9.jpg,0,"(3, 226, 3, 302)","(1085, 1540, 449, 1024)"
197\CCTV197.jpg,197\Y2015M07D03h12m32s58PTZ3.jpg,1,"(545, 861, 268, 715)","(446, 756, 513, 925)"
266\Mug266.jpg,216\Y2015M06D23h14m42s31PTZ7.jpg,0,"(10, 223, 7, 306)","(829, 1059, 474, 790)"
109\Probe109.jpg,109\Y2015M06D01h17m26s33PTZ1.jpg,1,"(460, 784, 326, 757)","(819, 1041, 625, 869)"
249\Mug249.jpg,200\Y2015M05D27h17m16s55PTZ1.jpg,0,"(20, 221, 1, 303)","(1090, 1289, 652, 916)"
171\CCTV171.jpg,171\Y2015M05D08h04m48s31PTZ3.jpg,1,"(1250, 1435, 591, 820)","(1250, 1466, 501, 754)"
79\Mug079.jpg,238\Y2015M05D18h16m10s16PTZ1.jpg,0,"(59, 261, 0, 320)","(1087, 1364, 404, 752)"
183\CCTV183.jpg,40\Y2015M04D28h05m43s02PTZ3.jpg,0,"(84, 509, 290, 873)","(1078, 1401, 387, 792)"
117\Mug117.jpg,117\Y2015M06D09h19m12s00PTZ1.jpg,1,"(12, 223, 21, 276)","(808, 1059, 632, 948)"
187\Probe187.jpg,187\Y2015M05D18h17m17s44PTZ4.jpg,1,"(387, 672, 670, 1054)","(904, 1170, 226, 576)"
149\Probe149.jpg,149\Y2015M05D08h03m50s35PTZ1.jpg,1,"(289, 616, 544, 995)","(1046, 1249, 615, 865)"
76\Mug076.jpg,223\Y2015M05D13h06m58s04PTZ2.jpg,0,"(30, 237, 52, 300)","(939, 1183, 266, 597)"
237\Probe237.jpg,237\Y2015M05D15h15m38s34PTZ5.jpg,1,"(375, 668, 621, 1009)","(817, 1070, 284, 630)"
209\CCTV209.jpg,31\Y2015M05D07h01m43s07PTZ2.jpg,0,"(989, 1262, 327, 687)","(1025, 1387, 330, 801)"
34\Mug034.jpg,34\Y2015M05D22h20m06s52PTZ3.jpg,1,"(20, 226, 5, 289)","(1052, 1429, 562, 1079)"
145\CCTV145.jpg,145\Y2015M05D07h06m18s33PTZ2.jpg,1,"(1348, 1746, 291, 852)","(1006, 1298, 352, 737)"
138\Probe138.jpg,138\Y2015M05D22h12m44s56PTZ2.jpg,1,"(426, 729, 590, 989)","(1520, 1782, 454, 781)"
185\CCTV185.jpg,185\Y2015M07D03h13m37s01PTZ1.jpg,1,"(779, 1193, 144, 702)","(918, 1312, 482, 941)"
64\Mug064.jpg,13\Y2015M05D18h13m11s18PTZ2.jpg,0,"(31, 231, 49, 302)","(534, 933, 330, 870)"
175\CCTV175.jpg,129\Y2015M05D25h16m10s27PTZ1.jpg,0,"(1156, 1377, 475, 743)","(157, 488, 538, 981)"
259\Mug259.jpg,259\Y2015M05D21h17m43s28PTZ4.jpg,1,"(32, 243, 54, 292)","(877, 1228, 471, 912)"
113\Mug113.jpg,54\Y2015M04D30h11m47s25PTZ2.jpg,0,"(5, 253, 9, 286)","(1037, 1264, 577, 866)"
77\Probe077.jpg,77\Y2015M05D19h12m05s41PTZ1.jpg,1,"(350, 625, 612, 1008)","(1056, 1365, 432, 779)"
116\Mug116.jpg,46\Y2015M04D28h06m03s18PTZ6.jpg,0,"(32, 239, 43, 305)","(1166, 1438, 510, 877)"
70\CCTV070.jpg,207\Y2015M05D12h03m14s59PTZ1.jpg,0,"(1333, 1539, 664, 930)","(1307, 1515, 729, 1020)"
184\CCTV184.jpg,184\Y2015M05D12h05m50s23PTZ3.jpg,1,"(1110, 1497, 435, 947)","(944, 1224, 518, 867)"
104\Mug104.jpg,183\Y2015M05D11h03m11s35PTZ2.jpg,0,"(26, 235, 46, 307)","(827, 1041, 656, 956)"
252\CCTV252.jpg,69\Y2015M06D11h13m40s57PTZ1.jpg,0,"(699, 1022, 337, 771)","(488, 864, 443, 1006)"
148\Probe148.jpg,148\Y2015M05D18h11m17s50PTZ2.jpg,1,"(343, 640, 598, 1041)","(1110, 1383, 533, 892)"
58\CCTV058.jpg,58\Y2015M05D14h16m55s39PTZ7.jpg,1,"(859, 1108, 337, 687)","(619, 1014, 426, 946)"
3\Probe003.jpg,3\Y2015M05D11h07m09s21PTZ8.jpg,1,"(122, 290, 225, 456)","(328, 779, 207, 852)"
108\Mug108.jpg,216\Y2015M06D23h15m23s34PTZ2.jpg,0,"(7, 224, 5, 302)","(441, 706, 276, 698)"
25\CCTV025.jpg,25\Y2015M05D11h12m15s40PTZ11.jpg,1,"(1138, 1512, 158, 691)","(1000, 1431, 292, 944)"
34\Mug034.jpg,121\Y2015M05D05h03m33s26PTZ4.jpg,0,"(20, 226, 5, 289)","(1167, 1564, 458, 1015)"
100\Probe100.jpg,100\Y2015M06D03h17m12s33PTZ7.jpg,1,"(285, 468, 350, 610)","(782, 1130, 326, 785)"
81\CCTV081.jpg,30\Y2015M04D28h03m17s36PTZ1.jpg,0,"(1066, 1293, 637, 937)","(1548, 1830, 447, 845)"
58\CCTV058.jpg,181\Y2015M06D16h19m24s57PTZ1.jpg,0,"(859, 1108, 337, 687)","(1120, 1341, 358, 614)"
135\Probe135.jpg,135\Y2015M05D28h17m38s04PTZ1.jpg,1,"(396, 675, 553, 1026)","(606, 1021, 352, 991)"
157\Probe157.jpg,157\Y2015M05D12h04m19s53PTZ4.jpg,1,"(340, 695, 562, 1111)","(881, 1207, 294, 765)"
3\CCTV003.jpg,225\Y2015M05D13h04m35s38PTZ4.jpg,0,"(1162, 1468, 546, 946)","(1198, 1536, 417, 885)"
1\CCTV001.jpg,1\Y2015M05D13h04m35s40PTZ1.jpg,1,"(692, 1132, 245, 861)","(877, 1191, 147, 588)"
134\Mug134.jpg,134\Y2015M05D07h12m17s01PTZ1.jpg,1,"(31, 237, 48, 301)","(1157, 1367, 300, 571)"
126\Probe126.jpg,126\Y2015M06D01h16m58s46PTZ1.jpg,1,"(405, 690, 611, 1057)","(997, 1253, 558, 925)"
105\Mug105.jpg,105\Y2015M05D04h05m58s14PTZ5.jpg,1,"(6, 233, 8, 309)","(822, 1082, 333, 687)"
118\CCTV118.jpg,118\Y2015M05D11h01m13s42PTZ6.jpg,1,"(451, 811, 192, 710)","(548, 909, 300, 843)"
165\Mug165.jpg,246\Y2015M05D25h12m24s39PTZ3.jpg,0,"(15, 209, 0, 315)","(1086, 1430, 526, 947)"
246\CCTV246.jpg,131\Y2015M06D09h09m47s43PTZ3.jpg,0,"(689, 1118, 391, 911)","(978, 1301, 645, 1035)"
146\Probe146.jpg,146\Y2015M05D21h15m10s26PTZ2.jpg,1,"(416, 667, 614, 981)","(353, 639, 216, 691)"
149\Mug149.jpg,149\Y2015M05D06h05m12s44PTZ1.jpg,1,"(15, 231, 19, 281)","(736, 973, 487, 777)"
171\Mug171.jpg,149\Y2015M05D06h05m12s44PTZ1.jpg,0,"(2, 221, 25, 304)","(736, 973, 487, 777)"
63\CCTV063.jpg,63\Y2015M06D24h17m11s47PTZ5.jpg,1,"(739, 1024, 476, 810)","(1113, 1408, 602, 932)"
5\Probe005.jpg,5\Y2015M05D25h10m21s18PTZ1.jpg,1,"(120, 302, 356, 618)","(547, 845, 450, 838)"
223\Mug223.jpg,159\Y2015M06D12h15m52s53PTZ1.jpg,0,"(60, 271, 3, 314)","(1049, 1268, 346, 650)"
138\CCTV138.jpg,58\Y2015M05D14h16m55s39PTZ8.jpg,0,"(882, 1130, 327, 639)","(1068, 1474, 512, 1079)"
142\Mug142.jpg,42\Y2015M04D28h05m44s33PTZ6.jpg,0,"(7, 212, 6, 255)","(927, 1308, 182, 649)"
34\Mug034.jpg,231\Y2015M10D06h14m45s24PTZ6.jpg,0,"(20, 226, 5, 289)","(1084, 1492, 318, 798)"
49\CCTV049.jpg,76\Y2015M05D18h11m13s19PTZ1.jpg,0,"(713, 1093, 445, 938)","(998, 1312, 272, 687)"
58\Mug058.jpg,3\Y2015M05D11h07m09s21PTZ3.jpg,0,"(29, 236, 36, 317)","(870, 1132, 444, 673)"
138\CCTV138.jpg,172\Y2015M06D18h17m11s03PTZ1.jpg,0,"(882, 1130, 327, 639)","(1280, 1472, 712, 955)"
76\Mug076.jpg,23\Y2015M05D05h03m51s18PTZ4.jpg,0,"(30, 237, 52, 300)","(687, 1056, 389, 818)"
77\CCTV077.jpg,60\Y2015M05D12h12m49s26PTZ1.jpg,0,"(589, 929, 372, 864)","(1338, 1536, 335, 605)"
62\CCTV062.jpg,24\Y2015M06D30h13m24s30PTZ1.jpg,0,"(710, 1051, 356, 818)","(743, 999, 670, 1036)"
41\Probe041.jpg,41\Y2015M04D28h05m44s56PTZ1.jpg,1,"(373, 643, 457, 858)","(1157, 1335, 881, 1057)"
252\Probe252.jpg,252\Y2015M05D22h19m44s47PTZ1.jpg,1,"(329, 633, 493, 901)","(859, 1077, 293, 570)"
225\Mug225.jpg,225\Y2015M05D13h04m35s38PTZ1.jpg,1,"(18, 232, 15, 287)","(1177, 1504, 214, 670)"
182\Mug182.jpg,14\Y2015M05D07h01m50s33PTZ3.jpg,0,"(5, 218, 7, 263)","(794, 969, 725, 952)"
96\CCTV095.jpg,102\Y2015M05D21h17m50s31PTZ3.jpg,0,"(823, 1113, 480, 876)","(930, 1277, 418, 897)"
92\CCTV092.jpg,92\Y2015M05D13h05m01s20PTZ5.jpg,1,"(1006, 1379, 389, 901)","(850, 1136, 486, 893)"
185\Mug185.jpg,73\Y2015M05D26h19m31s06PTZ2.jpg,0,"(30, 234, 45, 303)","(92, 308, 710, 986)"
217\CCTV217.jpg,217\Y2015M06D11h12m53s35PTZ7.jpg,1,"(1032, 1409, 377, 875)","(1345, 1698, 497, 974)"
76\Mug076.jpg,76\Y2015M05D18h11m13s19PTZ1.jpg,1,"(30, 237, 52, 300)","(998, 1312, 272, 687)"
69\Mug069.jpg,69\Y2015M06D11h13m40s57PTZ1.jpg,1,"(3, 232, 12, 301)","(488, 864, 443, 1006)"
121\Mug121.jpg,121\Y2015M05D05h03m33s26PTZ4.jpg,1,"(7, 240, 1, 298)","(1167, 1564, 458, 1015)"
195\Mug195.jpg,195\Y2015M05D14h16m54s41PTZ2.jpg,1,"(3, 235, 10, 295)","(112, 471, 588, 1042)"
224\Mug224.jpg,58\Y2015M04D29h04m34s49PTZ3.jpg,0,"(12, 216, 26, 265)","(713, 977, 369, 742)"
73\CCTV073.jpg,90\Y2015M05D04h11m43s52PTZ1.jpg,0,"(135, 470, 495, 931)","(1385, 1589, 568, 851)"
252\Mug252.jpg,252\Y2015M05D29h15m52s28PTZ2.jpg,1,"(15, 220, 19, 284)","(404, 803, 397, 917)"
9\CCTV009.jpg,60\Y2015M05D12h12m49s26PTZ1.jpg,0,"(1132, 1425, 542, 889)","(1338, 1536, 335, 605)"
129\Mug129.jpg,248\Y2015M05D28h19m46s20PTZ2.jpg,0,"(32, 237, 48, 303)","(1227, 1428, 606, 861)"
225\Probe225.jpg,225\Y2015M05D13h04m35s38PTZ4.jpg,1,"(423, 751, 494, 959)","(1198, 1536, 417, 885)"
33\CCTV033.jpg,33\Y2015M05D22h13m05s32PTZ3.jpg,1,"(541, 846, 445, 872)","(872, 1280, 438, 994)"
10\CCTV010.jpg,220\Y2015M05D13h03m24s54PTZ3.jpg,0,"(987, 1252, 441, 800)","(1066, 1330, 559, 935)"
146\CCTV146.jpg,146\Y2015M05D21h15m10s42PTZ1.jpg,1,"(458, 709, 386, 697)","(258, 695, 375, 928)"
216\Mug216.jpg,20\Y2015M05D12h09m27s05PTZ2.jpg,0,"(32, 231, 27, 332)","(845, 1157, 582, 1003)"
11\Probe011.jpg,11\Y2015M05D25h10m52s36PTZ1.jpg,1,"(374, 683, 517, 956)","(1453, 1660, 451, 729)"
98\CCTV098.jpg,32\Y2015M07D02h16m04s00PTZ4.jpg,0,"(830, 1079, 389, 729)","(713, 999, 352, 636)"
157\CCTV157.jpg,157\Y2015M05D12h04m19s53PTZ1.jpg,1,"(757, 1145, 404, 911)","(984, 1185, 640, 887)"
16\Probe016.jpg,16\Y2015M05D25h18m23s20PTZ1.jpg,1,"(326, 626, 697, 1158)","(1106, 1343, 240, 599)"
42\CCTV042.jpg,77\Y2015M05D19h12m05s41PTZ2.jpg,0,"(737, 1152, 335, 890)","(798, 1133, 493, 885)"
12\Probe012.jpg,12\Y2015M05D13h01m05s36PTZ2.jpg,1,"(346, 660, 580, 1019)","(1143, 1354, 511, 787)"
184\CCTV184.jpg,184\Y2015M05D11h03m59s42PTZ3.jpg,1,"(1110, 1497, 435, 947)","(4, 193, 153, 442)"
181\Mug181.jpg,32\Y2015M07D02h16m04s00PTZ3.jpg,0,"(30, 239, 46, 304)","(908, 1193, 494, 777)"
134\CCTV134.jpg,229\Y2015M05D14h12m39s01PTZ3.jpg,0,"(458, 657, 439, 697)","(1382, 1707, 505, 883)"
73\Probe073.jpg,73\Y2015M05D26h19m31s06PTZ1.jpg,1,"(410, 660, 625, 982)","(440, 639, 501, 771)"
90\Mug090.jpg,90\Y2015M05D04h11m42s53PTZ2.jpg,1,"(16, 218, 7, 286)","(1440, 1651, 599, 905)"
233\Mug233.jpg,233\Y2015M05D22h14m22s05PTZ1.jpg,1,"(22, 233, 5, 307)","(1551, 1801, 536, 879)"
14\Mug014.jpg,59\Y2015M04D29h05m39s56PTZ1.jpg,0,"(17, 223, 10, 280)","(1136, 1357, 535, 793)"
99\Mug099.jpg,99\Y2015M05D07h06m33s24PTZ4.jpg,1,"(5, 229, 1, 304)","(544, 819, 330, 766)"
252\Mug252.jpg,45\Y2015M04D28h06m06s06PTZ4.jpg,0,"(15, 220, 19, 284)","(552, 899, 97, 555)"
3\Probe003.jpg,3\Y2015M04D28h03m01s26PTZ2.jpg,1,"(122, 290, 225, 456)","(1126, 1396, 475, 714)"
200\Mug200.jpg,200\Y2015M05D06h03m47s41PTZ2.jpg,1,"(19, 219, 12, 293)","(1243, 1507, 656, 1003)"
79\Mug079.jpg,139\Y2015M05D15h11m48s05PTZ1.jpg,0,"(59, 261, 0, 320)","(850, 1181, 242, 690)"
207\CCTV207.jpg,1\Y2015M05D15h15m43s46PTZ4.jpg,0,"(1275, 1608, 275, 735)","(273, 662, 394, 903)"
197\Probe197.jpg,197\Y2015M05D25h18m34s20PTZ1.jpg,1,"(280, 459, 401, 703)","(806, 1005, 617, 898)"
225\CCTV225.jpg,225\Y2015M05D13h04m35s38PTZ1.jpg,1,"(1046, 1501, 206, 792)","(1177, 1504, 214, 670)"
156\Probe156.jpg,156\Y2015M05D07h11m14s38PTZ1.jpg,1,"(378, 699, 454, 900)","(909, 1231, 229, 678)"
113\CCTV113.jpg,25\Y2015M06D11h17m03s14PTZ1.jpg,0,"(788, 1270, 420, 1026)","(634, 882, 381, 723)"
32\Probe032.jpg,32\Y2015M05D07h01m42s54PTZ1.jpg,1,"(367, 690, 362, 852)","(1437, 1686, 179, 550)"
72\Mug072.jpg,41\Y2015M04D28h05m44s33PTZ5.jpg,0,"(22, 232, 4, 302)","(351, 537, 262, 527)"
58\CCTV058.jpg,58\Y2015M05D14h16m55s39PTZ1.jpg,1,"(859, 1108, 337, 687)","(1187, 1384, 660, 906)"
128\CCTV128.jpg,128\Y2015M05D18h18m15s27PTZ3.jpg,1,"(875, 1289, 359, 905)","(791, 1067, 493, 800)"
183\CCTV183.jpg,99\Y2015M05D05h02m40s59PTZ6.jpg,0,"(84, 509, 290, 873)","(957, 1129, 522, 742)"
181\Mug181.jpg,181\Y2015M06D15h18m36s40PTZ1.jpg,1,"(30, 239, 46, 304)","(793, 1011, 600, 899)"
131\Probe131.JPG,131\Y2015M06D09h09m47s43PTZ2.jpg,1,"(298, 502, 489, 775)","(1202, 1501, 454, 796)"
93\CCTV093.jpg,93\Y2015M05D27h15m23s53PTZ5.jpg,1,"(968, 1325, 413, 890)","(1137, 1569, 183, 809)"
62\Mug062.jpg,62\Y2015M04D29h05m05s59PTZ1.jpg,1,"(35, 240, 50, 290)","(1023, 1217, 709, 955)"
80\CCTV080.jpg,80\Y2015M05D28h15m59s18PTZ1.jpg,1,"(886, 1242, 259, 719)","(865, 1097, 485, 796)"
11\CCTV011.jpg,11\Y2015M05D25h10m52s36PTZ2.jpg,1,"(939, 1155, 313, 602)","(380, 576, 577, 891)"
54\Probe054.jpg,54\Y2015M05D22h13m02s31PTZ2.jpg,1,"(376, 646, 405, 801)","(867, 1120, 556, 887)"
128\Mug128.jpg,19\Y2015M05D05h01m07s24PTZ2.jpg,0,"(34, 243, 55, 288)","(1327, 1589, 258, 625)"
9\Mug009.jpg,9\Y2015M05D15h14m20s03PTZ1.jpg,1,"(53, 256, 8, 293)","(679, 1140, 207, 767)"
115\CCTV115.jpg,93\Y2015M05D27h15m23s53PTZ5.jpg,0,"(984, 1305, 259, 723)","(1137, 1569, 183, 809)"
33\Mug033.jpg,33\Y2015M05D22h13m05s32PTZ3.jpg,1,"(21, 223, 2, 298)","(872, 1280, 438, 994)"
169\Mug169.jpg,169\Y2015M05D07h05m23s22PTZ1.jpg,1,"(31, 234, 51, 299)","(865, 1124, 231, 574)"
198\CCTV198.jpg,198\Y2015M10D06h14m36s03PTZ7.jpg,1,"(841, 1166, 162, 611)","(900, 1119, 588, 840)"
164\CCTV164.jpg,233\Y2015M05D22h14m22s05PTZ1.jpg,0,"(1111, 1504, 231, 827)","(1551, 1801, 536, 879)"
182\CCTV182.jpg,80\Y2015M05D06h05m08s12PTZ1.jpg,0,"(506, 774, 647, 994)","(462, 741, 464, 858)"
54\CCTV54.jpg,112\Y2015M05D13h01m48s07PTZ3.jpg,0,"(726, 1116, 123, 667)","(732, 1101, 481, 983)"
106\CCTV106.jpg,106\Y2015M05D13h01m53s20PTZ1.jpg,1,"(710, 1140, 339, 899)","(764, 1065, 497, 885)"
46\Mug046.jpg,46\Y2015M04D28h06m03s18PTZ3.jpg,1,"(6, 191, 1, 293)","(1120, 1392, 473, 832)"
136\Probe136.JPG,136\Y2015M05D07h12m16s03PTZ4.jpg,1,"(304, 510, 487, 779)","(1286, 1576, 470, 815)"
43\CCTV043.jpg,43\Y2015M05D07h05m39s29PTZ3.jpg,1,"(334, 691, 401, 867)","(885, 1304, 577, 1079)"
90\CCTV090.jpg,191\Y2015M05D14h18m55s10PTZ1.jpg,0,"(989, 1358, 337, 858)","(768, 975, 349, 643)"
69\Mug069.jpg,164\Y2015M05D12h10m57s41PTZ4.jpg,0,"(3, 232, 12, 301)","(525, 883, 374, 878)"
102\Mug102.jpg,215\Y2015M05D22h17m50s51PTZ3.jpg,0,"(60, 261, 1, 329)","(899, 1260, 605, 1051)"
260\Mug260.jpg,260\Y2015M05D21h17m21s26PTZ3.jpg,1,"(6, 214, 7, 267)","(1238, 1542, 394, 770)"
42\Mug042.jpg,42\Y2015M04D28h05m44s33PTZ6.jpg,1,"(58, 260, 0, 337)","(927, 1308, 182, 649)"
67\Mug067.jpg,162\Y2015M05D21h15m56s36PTZ1.jpg,0,"(4, 217, 3, 262)","(1323, 1550, 652, 925)"
1\Mug001.jpg,205\Y2015M06D25h17m28s11PTZ1.jpg,0,"(16, 220, 5, 301)","(1163, 1375, 434, 714)"
115\CCTV115.jpg,115\Y2015M05D14h15m51s53PTZ5.jpg,1,"(984, 1305, 259, 723)","(1263, 1603, 472, 911)"
57\Mug057.jpg,207\Y2015M05D12h03m14s59PTZ1.jpg,0,"(19, 225, 16, 277)","(1307, 1515, 729, 1020)"
158\Probe158.jpg,158\Y2015M09D30h18m07s30PTZ1.jpg,1,"(426, 696, 591, 978)","(927, 1109, 373, 619)"
76\Mug076.jpg,76\Y2015M05D21h17m57s32PTZ1.jpg,1,"(30, 237, 52, 300)","(161, 585, 412, 997)"
145\CCTV145.jpg,135\Y2015M05D14h12m45s19PTZ1.jpg,0,"(1348, 1746, 291, 852)","(1029, 1226, 641, 924)"
6\CCTV006.jpg,55\Y2015M04D29h03m50s06PTZ1.jpg,0,"(815, 1102, 534, 900)","(719, 946, 213, 541)"
200\Probe200.jpg,200\Y2015M05D13h01m26s47PTZ4.jpg,1,"(360, 678, 537, 990)","(906, 1252, 587, 1062)"
216\CCTV216.jpg,200\Y2015M05D13h01m26s47PTZ6.jpg,0,"(845, 1187, 306, 876)","(1023, 1374, 392, 884)"
112\CCTV112.jpg,112\Y2015M05D25h12m58s37PTZ1.jpg,1,"(535, 820, 612, 1005)","(1145, 1415, 590, 971)"
40\CCTV040.jpg,58\Y2015M05D14h16m55s39PTZ1.jpg,0,"(1228, 1552, 639, 1079)","(1187, 1384, 660, 906)"
182\Probe182.JPG,182\Y2015M05D11h03m59s52PTZ1.jpg,1,"(291, 485, 443, 699)","(939, 1314, 36, 468)"
20\CCTV020.jpg,116\Y2015M05D12h06m12s45PTZ1.jpg,0,"(0, 1920, 0, 1080)","(93, 330, 478, 800)"
172\Mug172.jpg,136\Y2015M05D13h02m03s31PTZ1.jpg,0,"(3, 218, 4, 260)","(843, 1048, 368, 635)"
106\CCTV106.jpg,196\Y2015M05D21h17m50s11PTZ1.jpg,0,"(710, 1140, 339, 899)","(839, 1044, 278, 563)"
58\Mug058.jpg,58\Y2015M05D14h16m55s39PTZ1.jpg,1,"(29, 236, 36, 317)","(1187, 1384, 660, 906)"
138\Mug138.jpg,208\Y2015M06D05h10m32s08PTZ4.jpg,0,"(3, 238, 8, 301)","(673, 900, 675, 980)"
171\CCTV171.jpg,30\Y2015M04D28h03m17s36PTZ3.jpg,0,"(1250, 1435, 591, 820)","(809, 1112, 498, 949)"
238\CCTV238.jpg,237\Y2015M05D15h15m38s34PTZ3.jpg,0,"(536, 967, 289, 842)","(614, 835, 536, 804)"
172\Mug172.jpg,42\Y2015M06D03h16m49s17PTZ4.jpg,0,"(3, 218, 4, 260)","(974, 1320, 411, 842)"
151\CCTV151.jpg,151\Y2015M05D07h10m50s24PTZ1.jpg,1,"(1152, 1527, 460, 965)","(1133, 1369, 323, 620)"
19\Mug019.jpg,218\Y2015M05D15h17m55s43PTZ1.jpg,0,"(19, 216, 9, 287)","(1208, 1469, 392, 765)"
93\Mug093.jpg,93\Y2015M05D27h15m23s53PTZ4.jpg,1,"(13, 222, 16, 279)","(0, 1920, 0, 1080)"
148\CCTV148.jpg,8\Y2015M05D07h12m15s21PTZ2.jpg,0,"(760, 1101, 393, 882)","(997, 1338, 409, 876)"
1\Probe001.jpg,1\Y2015M05D13h04m35s40PTZ1.jpg,1,"(335, 669, 622, 1110)","(877, 1191, 147, 588)"
171\Mug171.jpg,197\Y2015M07D03h12m32s58PTZ2.jpg,0,"(2, 221, 25, 304)","(1092, 1366, 382, 775)"
161\CCTV161.jpg,161\Y2015M05D29h13m13s10PTZ1.jpg,1,"(997, 1224, 604, 916)","(517, 797, 315, 740)"
165\Probe165.jpg,165\Y2015M05D11h04m01s16PTZ2.jpg,1,"(385, 638, 428, 825)","(843, 1150, 390, 867)"
2\CCTV002.jpg,204\Y2015M05D13h12m53s11PTZ1.jpg,0,"(1060, 1262, 343, 648)","(737, 916, 621, 852)"
249\Mug249.jpg,249\Y2015M05D18h18m09s27PTZ5.jpg,1,"(20, 221, 1, 303)","(1164, 1605, 256, 903)"
109\Mug109.jpg,30\Y2015M04D28h03m17s36PTZ1.jpg,0,"(5, 241, 7, 298)","(1548, 1830, 447, 845)"
207\CCTV207.jpg,207\Y2015M05D12h03m14s59PTZ4.jpg,1,"(1275, 1608, 275, 735)","(1368, 1714, 491, 995)"
213\Mug213.jpg,213\Y2015M06D12h12m30s02PTZ1.jpg,1,"(11, 209, 14, 314)","(1075, 1362, 215, 551)"
120\CCTV120.jpg,29\Y2015M05D28h15m51s06PTZ1.jpg,0,"(975, 1175, 551, 823)","(1458, 1686, 667, 970)"
5\Mug005.jpg,9\Y2015M04D27h11m20s58PTZ7.jpg,0,"(16, 217, 26, 276)","(1221, 1459, 576, 869)"
113\CCTV113.jpg,113\Y2015M06D23h19m09s32PTZ2.jpg,1,"(788, 1270, 420, 1026)","(962, 1238, 578, 912)"
105\CCTV105.jpg,105\Y2015M05D04h05m58s14PTZ1.jpg,1,"(1023, 1450, 232, 816)","(1251, 1426, 623, 840)"
268\Probe268.jpg,268\Y2015M06D11h13m22s05PTZ3.jpg,1,"(225, 447, 395, 735)","(999, 1321, 410, 865)"
99\CCTV099.jpg,159\Y2015M05D15h11m20s39PTZ1.jpg,0,"(1078, 1253, 665, 890)","(918, 1206, 265, 595)"
261\Mug261.jpg,30\Y2015M04D28h03m17s36PTZ1.jpg,0,"(14, 224, 13, 304)","(1548, 1830, 447, 845)"
177\CCTV177.jpg,102\Y2015M05D21h17m50s31PTZ3.jpg,0,"(939, 1324, 368, 891)","(930, 1277, 418, 897)"
191\CCTV191.jpg,191\Y2015M05D18h16m00s36PTZ1.jpg,1,"(985, 1379, 464, 998)","(255, 599, 538, 1024)"
41\Probe041.jpg,41\Y2015M04D28h05m43s34PTZ6.jpg,1,"(373, 643, 457, 858)","(1182, 1336, 794, 1016)"
146\Mug146.jpg,149\Y2015M05D08h03m50s38PTZ3.jpg,0,"(8, 221, 0, 306)","(904, 1258, 362, 798)"
208\Mug208.jpg,200\Y2015M05D27h17m16s55PTZ1.jpg,0,"(4, 229, 0, 303)","(1090, 1289, 652, 916)"
4\Mug004.jpg,4\Y2015M04D30h04m05s32PTZ4.jpg,1,"(29, 240, 45, 303)","(769, 994, 617, 895)"
191\CCTV191.jpg,191\Y2015M05D14h18m55s10PTZ1.jpg,1,"(985, 1379, 464, 998)","(768, 975, 349, 643)"
156\Mug156.jpg,156\Y2015M05D07h11m14s38PTZ4.jpg,1,"(51, 260, 6, 289)","(1266, 1705, 193, 791)"
113\Probe113.jpg,113\Y2015M06D23h19m09s32PTZ1.jpg,1,"(330, 658, 527, 949)","(1195, 1412, 545, 797)"
15\CCTV015.jpg,177\Y2015M05D14h16m42s40PTZ3.jpg,0,"(787, 1058, 593, 956)","(944, 1171, 126, 432)"
14\Mug014.jpg,151\Y2015M05D07h10m50s24PTZ1.jpg,0,"(17, 223, 10, 280)","(1133, 1369, 323, 620)"
162\Mug162.jpg,162\Y2015M05D21h15m56s36PTZ1.jpg,1,"(20, 235, 9, 298)","(1323, 1550, 652, 925)"
41\CCTV041.jpg,81\Y2015M04D30h12m45s30PTZ5.jpg,0,"(887, 1150, 647, 1017)","(1139, 1371, 572, 878)"
4\CCTV004.jpg,225\Y2015M05D13h04m35s29PTZ1.jpg,0,"(337, 745, 434, 1021)","(1204, 1435, 433, 728)"
227\Mug227.jpg,227\Y2015M05D13h05m12s25PTZ6.jpg,1,"(20, 219, 9, 296)","(0, 1920, 0, 1080)"
14\CCTV014.jpg,14\Y2015M05D07h01m50s33PTZ3.jpg,1,"(1105, 1481, 261, 801)","(794, 969, 725, 952)"
161\CCTV161.jpg,217\Y2015M06D11h12m53s35PTZ7.jpg,0,"(997, 1224, 604, 916)","(1345, 1698, 497, 974)"
105\CCTV105.jpg,105\Y2015M05D04h05m58s14PTZ4.jpg,1,"(1023, 1450, 232, 816)","(755, 1007, 346, 680)"
6\Mug006.jpg,6\Y2015M05D06h09m23s16PTZ7.jpg,1,"(14, 227, 14, 281)","(1177, 1671, 265, 829)"
137\CCTV137.jpg,92\Y2015M05D13h05m01s20PTZ2.jpg,0,"(667, 1018, 578, 1015)","(1149, 1341, 600, 859)"
249\Mug249.jpg,127\Y2015M05D19h12m37s21PTZ1.jpg,0,"(20, 221, 1, 303)","(1216, 1411, 441, 719)"
75\Probe075.jpg,75\Y2015M05D07h05m47s07PTZ4.jpg,1,"(399, 683, 434, 812)","(819, 1051, 594, 871)"
14\Mug014.jpg,131\Y2015M06D18h16m26s08PTZ6.jpg,0,"(17, 223, 10, 280)","(1054, 1374, 567, 972)"
81\CCTV081.jpg,81\Y2015M04D30h12m45s30PTZ3.jpg,1,"(1066, 1293, 637, 937)","(1051, 1272, 534, 836)"
169\Mug169.jpg,169\Y2015M05D07h05m23s22PTZ3.jpg,1,"(31, 234, 51, 299)","(967, 1341, 262, 763)"
249\Probe249.jpg,249\Y2015M05D18h18m09s27PTZ3.jpg,1,"(404, 683, 514, 908)","(1260, 1510, 492, 849)"
57\Mug057.jpg,33\Y2015M05D22h13m05s32PTZ3.jpg,0,"(19, 225, 16, 277)","(872, 1280, 438, 994)"
24\Mug024.jpg,24\Y2015M06D03h17m11s45PTZ1.jpg,1,"(18, 222, 2, 302)","(1116, 1331, 501, 807)"
79\Mug079.jpg,79\Y2015M06D12h12m16s34PTZ1.jpg,1,"(59, 261, 0, 320)","(1183, 1402, 641, 927)"
151\CCTV151.jpg,242\Y2015M06D15h16m19s08PTZ2.jpg,0,"(1152, 1527, 460, 965)","(1033, 1269, 605, 868)"
127\CCTV127.jpg,6\Y2015M05D04h09m58s23PTZ2.jpg,0,"(1090, 1382, 649, 1048)","(1146, 1390, 485, 811)"
187\CCTV187.jpg,115\Y2015M05D14h15m51s53PTZ5.jpg,0,"(1121, 1499, 470, 949)","(1263, 1603, 472, 911)"
45\Mug045.jpg,29\Y2015M06D15h16m24s20PTZ1.jpg,0,"(37, 226, 44, 303)","(1281, 1564, 478, 884)"
35\Mug035.jpg,240\Y2015M05D18h16m47s28PTZ5.jpg,0,"(2, 222, 5, 300)","(937, 1403, 388, 1009)"
137\Mug137.jpg,27\Y2015M05D08h12m07s35PTZ2.jpg,0,"(54, 257, 4, 295)","(936, 1168, 665, 990)"
12\CCTV012.jpg,252\Y2015M05D28h11m51s26PTZ2.jpg,0,"(1136, 1355, 501, 793)","(1056, 1287, 577, 862)"
60\Mug060.jpg,161\Y2015M05D29h15m40s13PTZ3.jpg,0,"(31, 228, 45, 302)","(397, 762, 601, 1019)"
33\CCTV033.jpg,33\Y2015M05D13h05m47s34PTZ1.jpg,1,"(541, 846, 445, 872)","(1201, 1445, 370, 701)"
101\Probe101.jpg,101\Y2015M05D28h12m53s18PTZ6.jpg,1,"(494, 718, 541, 883)","(1018, 1340, 484, 942)"
112\CCTV112.jpg,123\Y2015M05D15h11m22s35PTZ1.jpg,0,"(535, 820, 612, 1005)","(1226, 1465, 194, 503)"
194\Mug194.jpg,194\Y2015M06D09h10m33s44PTZ2.jpg,1,"(5, 231, 5, 299)","(1202, 1410, 717, 1007)"
159\Mug159.jpg,159\Y2015M05D21h18m41s23PTZ1.jpg,1,"(2, 238, 7, 305)","(605, 860, 406, 732)"
197\CCTV197.jpg,197\Y2015M07D03h12m32s58PTZ1.jpg,1,"(545, 861, 268, 715)","(1038, 1210, 522, 746)"
25\Mug025.jpg,25\Y2015M05D11h12m15s40PTZ11.jpg,1,"(31, 232, 45, 302)","(1000, 1431, 292, 944)"
130\CCTV130.jpg,266\Y2015M05D29h15m31s31PTZ1.jpg,0,"(862, 1179, 414, 814)","(1096, 1402, 459, 864)"
69\Mug069.jpg,69\Y2015M04D30h02m24s24PTZ2.jpg,1,"(3, 232, 12, 301)","(808, 1013, 439, 623)"
24\CCTV024.jpg,208\Y2015M06D05h10m32s13PTZ1.jpg,0,"(1234, 1614, 363, 920)","(1223, 1458, 691, 998)"
106\CCTV106.jpg,213\Y2015M06D12h12m30s02PTZ1.jpg,0,"(710, 1140, 339, 899)","(1075, 1362, 215, 551)"
62\CCTV062.jpg,124\Y2015M09D29h17m55s22PTZ4.jpg,0,"(710, 1051, 356, 818)","(1012, 1191, 616, 834)"
217\Mug217.jpg,96\Y2015M05D13h09m53s29PTZ5.jpg,0,"(9, 226, 4, 301)","(0, 1920, 0, 1080)"
41\Mug041.jpg,70\Y2015M05D05h04m26s57PTZ8.jpg,0,"(30, 232, 40, 316)","(467, 875, 310, 890)"
188\Mug188.jpg,64\Y2015M05D07h02m15s56PTZ1.jpg,0,"(4, 217, 3, 267)","(607, 953, 375, 858)"
64\CCTV064.jpg,64\Y2015M05D07h02m15s56PTZ1.jpg,1,"(949, 1408, 279, 883)","(607, 953, 375, 858)"
165\Mug165.jpg,165\Y2015M05D11h04m01s16PTZ2.jpg,1,"(15, 209, 0, 315)","(843, 1150, 390, 867)"
49\Mug049.jpg,215\Y2015M05D22h17m50s51PTZ1.jpg,0,"(21, 230, 11, 298)","(1009, 1270, 665, 991)"
237\Mug237.jpg,175\Y2015M06D15h17m28s49PTZ2.jpg,0,"(6, 211, 7, 271)","(383, 675, 356, 681)"
237\CCTV237.jpg,252\Y2015M05D22h19m44s47PTZ1.jpg,0,"(628, 832, 382, 661)","(859, 1077, 293, 570)"
104\Mug104.jpg,198\Y2015M10D06h14m36s03PTZ7.jpg,0,"(26, 235, 46, 307)","(900, 1119, 588, 840)"
7\Probe007.jpg,7\Y2015M06D15h17m18s57PTZ1.jpg,1,"(383, 700, 550, 1003)","(932, 1191, 464, 814)"
3\Mug003.jpg,162\Y2015M05D21h15m56s36PTZ1.jpg,0,"(19, 235, 11, 294)","(1323, 1550, 652, 925)"
195\CCTV195.jpg,195\Y2015M05D14h18m08s07PTZ2.jpg,1,"(388, 638, 553, 863)","(915, 1237, 553, 986)"
118\Probe118.jpg,118\Y2015M05D05h04m17s29PTZ1.jpg,1,"(374, 652, 639, 1074)","(258, 639, 411, 988)"
49\CCTV049.jpg,49\Y2015M05D13h12m52s20PTZ3.jpg,1,"(713, 1093, 445, 938)","(810, 1138, 368, 781)"
108\Mug108.jpg,46\Y2015M04D28h06m03s18PTZ1.jpg,0,"(7, 224, 5, 302)","(889, 1000, 740, 881)"
29\Probe029.jpg,29\Y2015M06D15h16m24s20PTZ1.jpg,1,"(338, 632, 528, 992)","(1281, 1564, 478, 884)"
75\CCTV075.jpg,41\Y2015M04D28h05m44s33PTZ5.jpg,0,"(835, 1049, 565, 824)","(351, 537, 262, 527)"
157\CCTV157.jpg,208\Y2015M06D05h18m12s30PTZ1.jpg,0,"(757, 1145, 404, 911)","(969, 1175, 386, 704)"
223\Mug223.jpg,233\Y2015M05D22h14m22s05PTZ1.jpg,0,"(60, 271, 3, 314)","(1551, 1801, 536, 879)"
77\Mug077.jpg,77\Y2015M05D19h12m05s41PTZ2.jpg,1,"(34, 240, 53, 296)","(798, 1133, 493, 885)"
10\Mug010.jpg,57\Y2015M05D06h04m19s12PTZ1.jpg,0,"(16, 221, 8, 283)","(1056, 1523, 200, 846)"
195\Mug195.jpg,195\Y2015M05D18h18m35s25PTZ1.jpg,1,"(3, 235, 10, 295)","(149, 385, 603, 894)"
265\Probe265.jpg,265\Y2015M05D25h16m17s57PTZ3.jpg,1,"(417, 705, 444, 831)","(1014, 1327, 383, 812)"
49\Mug049.jpg,165\Y2015M05D07h05m02s28PTZ7.jpg,0,"(21, 230, 11, 298)","(1192, 1598, 398, 1016)"
94\Mug094.jpg,40\Y2015M04D28h05m43s02PTZ1.jpg,0,"(27, 235, 41, 315)","(418, 643, 686, 964)"
69\CCTV069.jpg,96\Y2015M05D13h09m53s29PTZ5.jpg,0,"(885, 1038, 454, 644)","(0, 1920, 0, 1080)"
71\CCTV071.jpg,40\Y2015M04D28h05m43s02PTZ3.jpg,0,"(633, 1045, 478, 1050)","(1078, 1401, 387, 792)"
29\CCTV029.jpg,2\Y2015M07D03h14m54s06PTZ1.jpg,0,"(958, 1345, 448, 1038)","(968, 1378, 168, 758)"
19\Mug019.jpg,230\Y2015M07D14h09m24s23PTZ4.jpg,0,"(19, 216, 9, 287)","(719, 1158, 480, 981)"
138\Mug138.jpg,59\Y2015M04D29h05m39s56PTZ3.jpg,0,"(3, 238, 8, 301)","(670, 940, 426, 774)"
148\Mug148.jpg,163\Y2015M05D13h07m58s35PTZ3.jpg,0,"(18, 216, 11, 296)","(1495, 1770, 464, 834)"
209\CCTV209.jpg,209\Y2015M05D22h16m12s05PTZ2.jpg,1,"(989, 1262, 327, 687)","(1177, 1400, 726, 1049)"
19\Mug019.jpg,126\Y2015M05D29h17m22s54PTZ1.jpg,0,"(19, 216, 9, 287)","(1230, 1529, 283, 713)"
208\CCTV208.jpg,208\Y2015M06D05h18m12s30PTZ1.jpg,1,"(879, 1127, 408, 733)","(969, 1175, 386, 704)"
184\Mug184.jpg,146\Y2015M05D21h15m10s42PTZ1.jpg,0,"(7, 232, 7, 294)","(258, 695, 375, 928)"
158\Mug158.jpg,158\Y2015M09D28h11m05s20PTZ1.jpg,1,"(9, 228, 1, 297)","(903, 1089, 428, 654)"
123\CCTV123.jpg,123\Y2015M05D06h12m02s12PTZ6.jpg,1,"(980, 1444, 417, 1011)","(353, 626, 461, 810)"
3\CCTV003.jpg,3\Y2015M05D11h07m09s21PTZ3.jpg,1,"(1162, 1468, 546, 946)","(870, 1132, 444, 673)"
249\CCTV249.jpg,77\Y2015M05D19h12m05s41PTZ1.jpg,0,"(1308, 1671, 156, 669)","(1056, 1365, 432, 779)"
101\CCTV101.jpg,101\Y2015M05D28h12m53s18PTZ6.jpg,1,"(562, 811, 412, 823)","(1018, 1340, 484, 942)"
11\CCTV011.jpg,11\Y2015M05D25h10m52s36PTZ3.jpg,1,"(939, 1155, 313, 602)","(884, 1065, 440, 742)"
215\CCTV215.jpg,79\Y2015M06D08h17m13s17PTZ1.jpg,0,"(806, 1016, 606, 887)","(856, 1048, 237, 481)"
223\CCTV223.jpg,213\Y2015M06D09h11m53s19PTZ2.jpg,0,"(769, 1185, 288, 810)","(1138, 1304, 349, 634)"
188\CCTV188.jpg,70\Y2015M05D13h01m51s05PTZ1.jpg,0,"(1058, 1454, 543, 1073)","(1164, 1342, 646, 891)"
216\Mug216.jpg,146\Y2015M05D21h15m10s26PTZ2.jpg,0,"(32, 231, 27, 332)","(353, 639, 216, 691)"
209\CCTV209.jpg,171\Y2015M05D08h04m48s31PTZ6.jpg,0,"(989, 1262, 327, 687)","(745, 1064, 652, 998)"
149\Mug149.jpg,11\Y2015M05D25h10m52s36PTZ1.jpg,0,"(15, 231, 19, 281)","(1453, 1660, 451, 729)"
9\Mug009.jpg,171\Y2015M05D08h04m48s31PTZ2.jpg,0,"(53, 256, 8, 293)","(1254, 1446, 600, 833)"
54\CCTV54.jpg,54\Y2015M05D08h10m22s20PTZ1.jpg,1,"(726, 1116, 123, 667)","(1163, 1381, 552, 817)"
76\CCTV076.jpg,187\Y2015M05D18h17m17s44PTZ7.jpg,0,"(1380, 1582, 611, 893)","(507, 754, 513, 839)"
197\CCTV197.jpg,58\Y2015M04D29h04m34s49PTZ5.jpg,0,"(545, 861, 268, 715)","(989, 1269, 477, 857)"
196\Mug196.jpg,163\Y2015M06D23h15m40s16PTZ1.jpg,0,"(32, 233, 50, 298)","(534, 730, 650, 922)"
77\Mug077.jpg,77\Y2015M05D27h15m29s13PTZ1.jpg,1,"(34, 240, 53, 296)","(1405, 1618, 339, 611)"
198\Mug198.jpg,19\Y2015M05D05h01m06s41PTZ2.jpg,0,"(12, 226, 5, 298)","(576, 752, 106, 358)"
163\Mug163.jpg,104\Y2015M09D25h16m02s13PTZ6.jpg,0,"(2, 234, 0, 304)","(879, 1062, 372, 609)"
27\Mug027.jpg,27\Y2015M05D07h05m31s39PTZ6.jpg,1,"(23, 233, 12, 308)","(780, 1103, 422, 852)"
16\CCTV016.jpg,164\Y2015M10D01h15m55s02PTZ3.jpg,0,"(1189, 1402, 719, 1020)","(999, 1253, 415, 773)"
11\Mug011.jpg,184\Y2015M05D12h05m50s23PTZ3.jpg,0,"(10, 220, 17, 269)","(944, 1224, 518, 867)"
213\CCTV213.jpg,213\Y2015M05D21h18m02s14PTZ1.jpg,1,"(568, 920, 304, 810)","(1169, 1397, 319, 631)"
9\CCTV009.jpg,9\Y2015M04D27h11m20s58PTZ7.jpg,1,"(1132, 1425, 542, 889)","(1221, 1459, 576, 869)"
127\Mug127.jpg,181\Y2015M06D15h18m36s40PTZ1.jpg,0,"(6, 226, 18, 319)","(793, 1011, 600, 899)"
101\Mug101.jpg,54\Y2015M05D08h10m22s20PTZ4.jpg,0,"(12, 209, 16, 316)","(1268, 1629, 358, 813)"
40\Probe040.jpg,40\Y2015M04D28h05m43s02PTZ3.jpg,1,"(326, 678, 728, 1230)","(1078, 1401, 387, 792)"
146\Mug146.jpg,214\Y2015M05D26h16m10s04PTZ1.jpg,0,"(8, 221, 0, 306)","(494, 687, 469, 803)"
117\Mug117.jpg,228\Y2015M05D14h18m03s16PTZ2.jpg,0,"(12, 223, 21, 276)","(905, 1296, 458, 1022)"
73\CCTV073.jpg,73\Y2015M06D23h15m40s16PTZ1.jpg,1,"(135, 470, 495, 931)","(1394, 1629, 212, 535)"
49\Probe049.jpg,49\Y2015M05D21h17m56s17PTZ1.jpg,1,"(350, 639, 470, 871)","(1027, 1236, 589, 847)"
129\Probe129.jpg,129\Y2015M05D25h16m10s27PTZ1.jpg,1,"(371, 637, 602, 975)","(157, 488, 538, 981)"
4\Probe004.jpg,4\Y2015M05D04h04m10s28PTZ1.jpg,1,"(349, 638, 526, 969)","(1252, 1594, 401, 910)"
117\Mug117.jpg,144\Y2015M06D30h14m48s45PTZ1.jpg,0,"(12, 223, 21, 276)","(1036, 1308, 640, 1020)"
29\Mug029.jpg,8\Y2015M04D29h05m09s19PTZ1.jpg,0,"(32, 235, 36, 315)","(919, 1300, 82, 613)"
72\Mug072.jpg,72\Y2015M05D11h12m21s33PTZ2.jpg,1,"(22, 232, 4, 302)","(690, 973, 400, 823)"
40\Mug040.jpg,40\Y2015M04D28h05m43s02PTZ3.jpg,1,"(4, 238, 1, 294)","(1078, 1401, 387, 792)"
94\Mug094.jpg,19\Y2015M05D05h01m06s41PTZ2.jpg,0,"(27, 235, 41, 315)","(576, 752, 106, 358)"
227\Mug227.jpg,184\Y2015M05D12h05m50s23PTZ4.jpg,0,"(20, 219, 9, 296)","(1041, 1359, 591, 977)"
249\CCTV249.jpg,249\Y2015M05D18h18m09s27PTZ2.jpg,1,"(1308, 1671, 156, 669)","(1036, 1251, 372, 697)"
175\Mug175.jpg,10\Y2015M05D25h16m09s18PTZ2.jpg,0,"(10, 225, 30, 262)","(947, 1212, 404, 767)"
24\Mug024.jpg,234\Y2015M05D15h14m55s24PTZ1.jpg,0,"(18, 222, 2, 302)","(1146, 1505, 343, 872)"
29\Mug029.jpg,195\Y2015M05D18h18m35s25PTZ1.jpg,0,"(32, 235, 36, 315)","(149, 385, 603, 894)"
91\Mug091.jpg,188\Y2015M06D15h12m11s59PTZ4.jpg,0,"(26, 236, 38, 316)","(230, 573, 279, 662)"
197\Probe197.jpg,197\Y2015M07D03h12m32s58PTZ5.jpg,1,"(280, 459, 401, 703)","(865, 1137, 506, 837)"
227\Mug227.jpg,167\Y2015M05D13h12m56s41PTZ3.jpg,0,"(20, 219, 9, 296)","(1143, 1382, 626, 938)"
220\CCTV220.jpg,220\Y2015M05D13h03m48s54PTZ6.jpg,1,"(1202, 1559, 236, 746)","(1034, 1420, 398, 955)"
151\Mug151.jpg,139\Y2015M05D15h11m48s05PTZ1.jpg,0,"(6, 239, 10, 307)","(850, 1181, 242, 690)"
213\CCTV213.jpg,213\Y2015M06D09h11m53s19PTZ2.jpg,1,"(568, 920, 304, 810)","(1138, 1304, 349, 634)"
250\CCTV250.jpg,183\Y2015M05D11h03m11s35PTZ2.jpg,0,"(916, 1204, 439, 821)","(827, 1041, 656, 956)"
157\Probe157.jpg,157\Y2015M05D12h04m19s53PTZ1.jpg,1,"(340, 695, 562, 1111)","(984, 1185, 640, 887)"
90\Mug090.jpg,90\Y2015M06D23h18m13s47PTZ8.jpg,1,"(16, 218, 7, 286)","(829, 1204, 409, 914)"
248\Mug248.jpg,129\Y2015M05D25h16m12s26PTZ1.jpg,0,"(30, 225, 43, 310)","(846, 1162, 374, 779)"
100\Mug100.jpg,115\Y2015M05D14h15m51s53PTZ5.jpg,0,"(3, 225, 3, 305)","(1263, 1603, 472, 911)"
188\CCTV188.jpg,188\Y2015M05D27h18m25s23PTZ4.jpg,1,"(1058, 1454, 543, 1073)","(558, 877, 521, 922)"
43\CCTV043.jpg,43\Y2015M05D07h05m39s29PTZ2.jpg,1,"(334, 691, 401, 867)","(408, 758, 575, 1043)"
101\Mug101.jpg,101\Y2015M05D04h12m55s02PTZ2.jpg,1,"(12, 209, 16, 316)","(1169, 1372, 597, 895)"
158\CCTV158.jpg,198\Y2015M05D18h13m19s40PTZ3.jpg,0,"(347, 773, 253, 850)","(250, 562, 191, 719)"
126\Probe126.jpg,126\Y2015M05D07h04m47s51PTZ2.jpg,1,"(405, 690, 611, 1057)","(854, 1135, 312, 716)"
206\Mug206.jpg,206\Y2015M05D12h02m53s19PTZ4.jpg,1,"(12, 224, 18, 284)","(758, 1144, 329, 882)"
55\CCTV055.jpg,46\Y2015M04D28h06m03s18PTZ2.jpg,0,"(720, 1117, 349, 899)","(672, 886, 518, 793)"
1\Mug001.jpg,207\Y2015M05D12h03m14s59PTZ1.jpg,0,"(16, 220, 5, 301)","(1307, 1515, 729, 1020)"
158\Mug158.jpg,105\Y2015M05D28h16m13s54PTZ1.jpg,0,"(9, 228, 1, 297)","(1353, 1591, 622, 917)"
220\Mug220.jpg,30\Y2015M04D28h03m17s36PTZ3.jpg,0,"(31, 231, 46, 305)","(809, 1112, 498, 949)"
164\CCTV164.jpg,181\Y2015M06D16h19m24s57PTZ1.jpg,0,"(1111, 1504, 231, 827)","(1120, 1341, 358, 614)"
223\CCTV223.jpg,149\Y2015M05D08h03m50s38PTZ3.jpg,0,"(769, 1185, 288, 810)","(904, 1258, 362, 798)"
217\Probe217.jpg,217\Y2015M05D19h12m25s48PTZ1.jpg,1,"(383, 649, 545, 931)","(1179, 1483, 292, 606)"
216\Probe216.jpg,216\Y2015M06D23h15m23s34PTZ2.jpg,1,"(357, 645, 588, 1085)","(441, 706, 276, 698)"
33\Mug033.jpg,204\Y2015M05D13h12m53s11PTZ1.jpg,0,"(21, 223, 2, 298)","(737, 916, 621, 852)"
1\Probe001.jpg,1\Y2015M05D15h15m43s46PTZ4.jpg,1,"(335, 669, 622, 1110)","(273, 662, 394, 903)"
159\CCTV159.jpg,128\Y2015M05D18h18m15s27PTZ3.jpg,0,"(802, 1150, 460, 918)","(791, 1067, 493, 800)"
179\CCTV179.jpg,179\Y2015M06D12h09m38s57PTZ5.jpg,1,"(836, 1144, 188, 642)","(942, 1206, 276, 691)"
260\Mug260.jpg,260\Y2015M05D21h17m20s06PTZ1.jpg,1,"(6, 214, 7, 267)","(1169, 1421, 439, 753)"
41\Mug041.jpg,5\Y2015M05D05h01m03s21PTZ1.jpg,0,"(30, 232, 40, 316)","(612, 848, 480, 766)"
214\Mug214.jpg,162\Y2015M05D12h12m37s30PTZ3.jpg,0,"(1, 233, 4, 307)","(782, 1060, 277, 638)"
90\CCTV090.jpg,90\Y2015M05D04h11m42s53PTZ6.jpg,1,"(989, 1358, 337, 858)","(391, 710, 540, 1000)"
249\Probe249.jpg,249\Y2015M05D18h18m09s27PTZ6.jpg,1,"(404, 683, 514, 908)","(1352, 1677, 297, 772)"
57\Mug057.jpg,136\Y2015M05D07h12m16s03PTZ2.jpg,0,"(19, 225, 16, 277)","(1178, 1492, 445, 885)"
101\Mug101.jpg,69\Y2015M04D30h02m24s24PTZ1.jpg,0,"(12, 209, 16, 316)","(1169, 1361, 617, 838)"
102\Probe102.jpg,102\Y2015M05D12h02m37s23PTZ1.jpg,1,"(424, 734, 624, 1066)","(1561, 1773, 480, 751)"
75\CCTV075.jpg,75\Y2015M05D07h05m47s07PTZ4.jpg,1,"(835, 1049, 565, 824)","(819, 1051, 594, 871)"
62\CCTV062.jpg,9\Y2015M06D16h19m07s00PTZ1.jpg,0,"(710, 1051, 356, 818)","(949, 1148, 458, 705)"
157\Mug157.jpg,1\Y2015M04D27h02m29s04PTZ3.jpg,0,"(26, 228, 43, 318)","(49, 339, 399, 766)"
179\Mug179.jpg,127\Y2015M05D07h11m03s53PTZ4.jpg,0,"(29, 235, 36, 319)","(996, 1416, 236, 822)"
206\Mug206.jpg,206\Y2015M05D12h02m53s19PTZ2.jpg,1,"(12, 224, 18, 284)","(1092, 1445, 436, 907)"
177\Probe177.jpg,177\Y2015M05D14h16m42s40PTZ4.jpg,1,"(259, 481, 319, 641)","(1110, 1360, 608, 927)"
58\Mug058.jpg,58\Y2015M05D14h16m55s39PTZ8.jpg,1,"(29, 236, 36, 317)","(1068, 1474, 512, 1079)"
60\Mug060.jpg,90\Y2015M05D04h11m42s53PTZ6.jpg,0,"(31, 228, 45, 302)","(391, 710, 540, 1000)"
171\Mug171.jpg,171\Y2015M05D08h04m48s31PTZ5.jpg,1,"(2, 221, 25, 304)","(1317, 1565, 562, 878)"
96\CCTV095.jpg,32\Y2015M05D07h01m44s18PTZ3.jpg,0,"(823, 1113, 480, 876)","(889, 1063, 377, 641)"
18\Mug018.jpg,224\Y2015M05D14h18m31s53PTZ1.jpg,0,"(22, 234, 8, 311)","(1286, 1667, 316, 805)"
240\CCTV240.jpg,240\Y2015M05D18h16m47s28PTZ5.jpg,1,"(748, 1108, 353, 837)","(937, 1403, 388, 1009)"
179\Probe179.jpg,179\Y2015M06D12h09m38s57PTZ8.jpg,1,"(408, 674, 659, 1064)","(1104, 1504, 470, 1015)"
182\CCTV182.jpg,131\Y2015M06D18h16m26s08PTZ6.jpg,0,"(506, 774, 647, 994)","(1054, 1374, 567, 972)"
237\Mug237.jpg,234\Y2015M05D15h14m55s24PTZ1.jpg,0,"(6, 211, 7, 271)","(1146, 1505, 343, 872)"
8\Mug008.jpg,8\Y2015M04D29h05m09s19PTZ1.jpg,1,"(3, 234, 4, 303)","(919, 1300, 82, 613)"
161\Probe161.jpg,161\Y2015M05D29h15m40s13PTZ3.jpg,1,"(445, 706, 541, 939)","(397, 762, 601, 1019)"
240\Probe240.jpg,240\Y2015M05D18h16m47s28PTZ6.jpg,1,"(360, 632, 643, 1027)","(517, 890, 434, 913)"
126\Mug126.jpg,35\Y2015M06D08h17m16s05PTZ2.jpg,0,"(24, 236, 2, 311)","(835, 1091, 389, 731)"
223\Mug223.jpg,223\Y2015M06D30h10m57s39PTZ2.jpg,1,"(60, 271, 3, 314)","(1107, 1389, 235, 590)"
101\CCTV101.jpg,165\Y2015M06D23h10m44s58PTZ2.jpg,0,"(562, 811, 412, 823)","(942, 1251, 233, 690)"
93\Mug093.jpg,33\Y2015M05D28h12m09s31PTZ1.jpg,0,"(13, 222, 16, 279)","(1312, 1640, 370, 872)"
100\Probe100.jpg,100\Y2015M05D06h04m02s19PTZ1.jpg,1,"(285, 468, 350, 610)","(184, 543, 593, 1079)"
151\CCTV151.jpg,4\Y2015M05D07h05m29s53PTZ1.jpg,0,"(1152, 1527, 460, 965)","(740, 1114, 378, 868)"
6\CCTV006.jpg,40\Y2015M04D28h05m43s02PTZ2.jpg,0,"(815, 1102, 534, 900)","(982, 1229, 483, 799)"
75\Mug075.jpg,75\Y2015M05D07h05m47s07PTZ2.jpg,1,"(15, 228, 34, 276)","(879, 1088, 562, 828)"
197\Mug197.jpg,197\Y2015M05D25h18m34s20PTZ2.jpg,1,"(8, 215, 7, 318)","(928, 1144, 440, 761)"
10\Mug010.jpg,207\Y2015M05D12h03m14s59PTZ1.jpg,0,"(16, 221, 8, 283)","(1307, 1515, 729, 1020)"
20\Mug020.jpg,229\Y2015M05D14h12m39s01PTZ2.jpg,0,"(4, 235, 4, 301)","(1084, 1378, 335, 705)"
67\CCTV067.jpg,197\Y2015M05D25h18m34s20PTZ3.jpg,0,"(1066, 1330, 578, 903)","(625, 891, 623, 1006)"
167\Mug167.jpg,167\Y2015M05D13h12m56s41PTZ2.jpg,1,"(3, 230, 5, 304)","(1049, 1269, 469, 768)"
250\Mug250.jpg,113\Y2015M06D02h15m59s32PTZ7.jpg,0,"(5, 227, 10, 300)","(1117, 1442, 592, 981)"
90\CCTV090.jpg,90\Y2015M06D09h16m27s24PTZ1.jpg,1,"(989, 1358, 337, 858)","(1076, 1338, 426, 798)"
91\Mug091.jpg,91\Y2015M05D07h10m45s29PTZ1.jpg,1,"(26, 236, 38, 316)","(845, 1057, 436, 765)"
233\CCTV233.jpg,246\Y2015M05D27h12m17s26PTZ4.jpg,0,"(1146, 1543, 214, 765)","(1255, 1652, 507, 1002)"
16\CCTV016.jpg,16\Y2015M06D08h18m04s38PTZ1.jpg,1,"(1189, 1402, 719, 1020)","(1127, 1344, 652, 947)"
195\Mug195.jpg,195\Y2015M05D14h18m08s07PTZ4.jpg,1,"(3, 235, 10, 295)","(605, 954, 399, 840)"
230\Probe230.jpg,230\Y2015M07D14h09m24s23PTZ4.jpg,1,"(386, 649, 529, 901)","(719, 1158, 480, 981)"
73\CCTV073.jpg,265\Y2015M05D25h16m17s57PTZ1.jpg,0,"(135, 470, 495, 931)","(1468, 1690, 365, 641)"
151\Mug151.jpg,171\Y2015M05D08h04m48s31PTZ5.jpg,0,"(6, 239, 10, 307)","(1317, 1565, 562, 878)"
108\Mug108.jpg,108\Y2015M05D18h15m16s17PTZ2.jpg,1,"(7, 224, 5, 302)","(1077, 1315, 563, 917)"
108\CCTV108.jpg,108\Y2015M05D11h05m59s49PTZ2.jpg,1,"(867, 1248, 347, 872)","(701, 1055, 406, 880)"
90\Mug090.jpg,4\Y2015M04D30h04m05s32PTZ4.jpg,0,"(16, 218, 7, 286)","(769, 994, 617, 895)"
8\Mug008.jpg,7\Y2015M06D04h19m41s40PTZ4.jpg,0,"(3, 234, 4, 303)","(1191, 1656, 268, 894)"
1\Mug001.jpg,75\Y2015M05D07h05m47s07PTZ4.jpg,0,"(16, 220, 5, 301)","(819, 1051, 594, 871)"
109\CCTV109.jpg,164\Y2015M05D07h12m54s11PTZ1.jpg,0,"(0, 1920, 0, 1080)","(1165, 1454, 453, 859)"
16\Mug016.jpg,238\Y2015M05D18h16m10s16PTZ1.jpg,0,"(25, 236, 0, 325)","(1087, 1364, 404, 752)"
259\Probe259.jpg,259\Y2015M05D21h17m43s28PTZ4.jpg,1,"(458, 766, 463, 884)","(877, 1228, 471, 912)"
194\Mug194.jpg,175\Y2015M06D08h18m01s09PTZ6.jpg,0,"(5, 231, 5, 299)","(1125, 1536, 264, 764)"
163\CCTV163.jpg,101\Y2015M05D04h12m55s02PTZ2.jpg,0,"(1003, 1457, 271, 909)","(1169, 1372, 597, 895)"
151\Mug151.jpg,248\Y2015M05D28h19m46s20PTZ3.jpg,0,"(6, 239, 10, 307)","(761, 967, 468, 756)"
187\Mug187.jpg,187\Y2015M05D18h17m17s44PTZ3.jpg,1,"(5, 202, 13, 255)","(772, 993, 636, 913)"
62\CCTV062.jpg,58\Y2015M05D14h16m55s39PTZ1.jpg,0,"(710, 1051, 356, 818)","(1187, 1384, 660, 906)"
217\Mug217.jpg,208\Y2015M06D05h10m32s13PTZ1.jpg,0,"(9, 226, 4, 301)","(1223, 1458, 691, 998)"
187\Probe187.jpg,187\Y2015M05D18h17m17s44PTZ7.jpg,1,"(387, 672, 670, 1054)","(507, 754, 513, 839)"
225\Probe225.jpg,225\Y2015M05D13h04m35s29PTZ2.jpg,1,"(423, 751, 494, 959)","(893, 1144, 356, 672)"
91\Mug091.jpg,91\Y2015M05D07h10m45s29PTZ4.jpg,1,"(26, 236, 38, 316)","(500, 816, 407, 874)"
268\Mug268.jpg,268\Y2015M06D11h13m18s52PTZ5.jpg,1,"(28, 235, 40, 311)","(979, 1373, 289, 847)"
45\Mug045.jpg,45\Y2015M04D28h06m06s06PTZ5.jpg,1,"(37, 226, 44, 303)","(923, 1288, 519, 1003)"
246\Probe246.jpg,246\Y2015M05D27h12m17s26PTZ4.jpg,1,"(387, 665, 524, 911)","(1255, 1652, 507, 1002)"
99\Mug099.jpg,184\Y2015M05D12h05m50s23PTZ6.jpg,0,"(5, 229, 1, 304)","(577, 991, 383, 925)"
79\Probe079.jpg,79\Y2015M06D08h17m13s17PTZ1.jpg,1,"(417, 713, 492, 897)","(856, 1048, 237, 481)"
72\Mug072.jpg,5\Y2015M05D25h10m21s18PTZ1.jpg,0,"(22, 232, 4, 302)","(547, 845, 450, 838)"
73\Mug073.jpg,191\Y2015M05D18h16m00s36PTZ1.jpg,0,"(5, 228, 2, 308)","(255, 599, 538, 1024)"
145\Mug145.jpg,145\Y2015M05D19h11m49s02PTZ1.jpg,1,"(6, 225, 8, 302)","(1201, 1406, 777, 1053)"
191\Mug191.jpg,73\Y2015M05D26h19m31s06PTZ1.jpg,0,"(17, 230, 13, 297)","(440, 639, 501, 771)"
260\Probe260.jpg,260\Y2015M05D21h17m20s06PTZ1.jpg,1,"(230, 458, 342, 647)","(1169, 1421, 439, 753)"
47\Mug047.jpg,161\Y2015M05D29h15m40s13PTZ2.jpg,0,"(4, 231, 5, 294)","(439, 715, 424, 786)"
113\Mug113.jpg,113\Y2015M06D24h17m59s30PTZ6.jpg,1,"(5, 253, 9, 286)","(1164, 1631, 276, 862)"
79\Mug079.jpg,187\Y2015M05D18h17m17s44PTZ5.jpg,0,"(59, 261, 0, 320)","(790, 1108, 276, 682)"
213\CCTV213.jpg,171\Y2015M05D08h04m48s31PTZ3.jpg,0,"(568, 920, 304, 810)","(1250, 1466, 501, 754)"
209\Mug209.jpg,209\Y2015M05D22h16m12s05PTZ2.jpg,1,"(20, 233, 12, 281)","(1177, 1400, 726, 1049)"
207\Mug207.jpg,33\Y2015M05D13h05m47s34PTZ1.jpg,0,"(22, 237, 0, 332)","(1201, 1445, 370, 701)"
5\Probe005.jpg,5\Y2015M06D26h03m48s41PTZ1.jpg,1,"(120, 302, 356, 618)","(715, 954, 516, 769)"
205\Mug205.jpg,205\Y2015M05D15h17m52s33PTZ1.jpg,1,"(7, 213, 13, 250)","(890, 1100, 677, 944)"
2\CCTV002.jpg,163\Y2015M05D13h07m58s35PTZ1.jpg,0,"(1060, 1262, 343, 648)","(1033, 1227, 423, 657)"
75\CCTV075.jpg,238\Y2015M05D18h16m10s16PTZ1.jpg,0,"(835, 1049, 565, 824)","(1087, 1364, 404, 752)"
227\CCTV227.jpg,196\Y2015M05D12h02m32s43PTZ1.jpg,0,"(1093, 1449, 396, 916)","(719, 1120, 314, 903)"
124\Mug124.jpg,113\Y2015M06D24h17m59s30PTZ6.jpg,0,"(25, 235, 49, 306)","(1164, 1631, 276, 862)"
71\CCTV071.jpg,32\Y2015M07D02h16m04s00PTZ4.jpg,0,"(633, 1045, 478, 1050)","(713, 999, 352, 636)"
209\CCTV209.jpg,209\Y2015M05D18h17m41s29PTZ3.jpg,1,"(989, 1262, 327, 687)","(1063, 1371, 447, 875)"
182\Probe182.JPG,182\Y2015M07D03h13m53s26PTZ1.jpg,1,"(291, 485, 443, 699)","(1216, 1639, 183, 752)"
117\CCTV117.jpg,117\Y2015M05D28h18m14s39PTZ1.jpg,1,"(1140, 1389, 543, 886)","(808, 1084, 503, 848)"
46\Mug046.jpg,46\Y2015M04D28h06m03s18PTZ5.jpg,1,"(6, 191, 1, 293)","(1045, 1431, 304, 840)"
93\Mug093.jpg,8\Y2015M05D07h12m15s21PTZ2.jpg,0,"(13, 222, 16, 279)","(997, 1338, 409, 876)"
162\Probe162.jpg,162\Y2015M05D07h03m57s54PTZ2.jpg,1,"(388, 694, 602, 1056)","(849, 1251, 33, 574)"
238\CCTV238.jpg,169\Y2015M05D07h05m23s22PTZ1.jpg,0,"(536, 967, 289, 842)","(865, 1124, 231, 574)"
35\Mug035.jpg,59\Y2015M04D29h05m39s56PTZ3.jpg,0,"(2, 222, 5, 300)","(670, 940, 426, 774)"
195\Mug195.jpg,34\Y2015M05D22h20m06s52PTZ1.jpg,0,"(3, 235, 10, 295)","(1031, 1249, 521, 841)"
33\CCTV033.jpg,33\Y2015M05D14h19m24s08PTZ2.jpg,1,"(541, 846, 445, 872)","(1057, 1274, 632, 918)"
145\CCTV145.jpg,12\Y2015M05D07h10m40s19PTZ1.jpg,0,"(1348, 1746, 291, 852)","(1167, 1444, 598, 929)"
127\Mug127.jpg,215\Y2015M05D22h17m50s51PTZ1.jpg,0,"(6, 226, 18, 319)","(1009, 1270, 665, 991)"
118\CCTV118.jpg,230\Y2015M07D14h09m24s23PTZ5.jpg,0,"(451, 811, 192, 710)","(497, 913, 258, 835)"
197\Mug197.jpg,197\Y2015M07D03h12m32s58PTZ4.jpg,1,"(8, 215, 7, 318)","(828, 1186, 326, 817)"
266\Mug266.jpg,266\Y2015M06D15h11m53s55PTZ3.jpg,1,"(10, 223, 7, 306)","(489, 716, 374, 679)"
45\CCTV045.jpg,5\Y2015M05D25h10m21s18PTZ1.jpg,0,"(932, 1149, 572, 849)","(547, 845, 450, 838)"
136\Probe136.JPG,136\Y2015M05D07h12m16s03PTZ2.jpg,1,"(304, 510, 487, 779)","(1178, 1492, 445, 885)"
10\CCTV010.jpg,10\Y2015M05D15h18m13s21PTZ1.jpg,1,"(987, 1252, 441, 800)","(1183, 1359, 661, 886)"
226\CCTV226.jpg,12\Y2015M06D23h16m18s08PTZ5.jpg,0,"(812, 1091, 303, 642)","(769, 1213, 352, 980)"
99\Mug099.jpg,191\Y2015M05D18h16m00s36PTZ1.jpg,0,"(5, 229, 1, 304)","(255, 599, 538, 1024)"
218\Mug218.jpg,259\Y2015M05D25h18m15s40PTZ1.jpg,0,"(35, 233, 39, 311)","(636, 979, 373, 823)"
127\CCTV127.jpg,127\Y2015M05D19h12m37s21PTZ2.jpg,1,"(1090, 1382, 649, 1048)","(601, 827, 718, 1025)"
171\Mug171.jpg,1\Y2015M05D13h04m35s40PTZ1.jpg,0,"(2, 221, 25, 304)","(877, 1191, 147, 588)"
208\Mug208.jpg,181\Y2015M06D16h19m24s57PTZ1.jpg,0,"(4, 229, 0, 303)","(1120, 1341, 358, 614)"
115\CCTV115.jpg,8\Y2015M06D09h16m15s51PTZ2.jpg,0,"(984, 1305, 259, 723)","(922, 1130, 653, 941)"
158\Mug158.jpg,6\Y2015M05D20h05m29s09PTZ1.jpg,0,"(9, 228, 1, 297)","(801, 1080, 489, 824)"
25\Probe025.jpg,25\Y2015M06D11h17m03s14PTZ1.jpg,1,"(329, 649, 553, 1029)","(634, 882, 381, 723)"
260\CCTV260.jpg,260\Y2015M05D21h17m20s06PTZ1.jpg,1,"(714, 1019, 246, 626)","(1169, 1421, 439, 753)"
72\Probe072.jpg,72\Y2015M05D11h12m21s33PTZ7.jpg,1,"(398, 667, 479, 903)","(1218, 1589, 162, 651)"
121\Mug121.jpg,121\Y2015M05D05h03m31s38PTZ4.jpg,1,"(7, 240, 1, 298)","(1315, 1537, 670, 931)"
215\CCTV215.jpg,19\Y2015M05D05h01m06s41PTZ2.jpg,0,"(806, 1016, 606, 887)","(576, 752, 106, 358)"
209\Probe209.jpg,209\Y2015M05D18h17m41s29PTZ1.jpg,1,"(299, 517, 365, 668)","(1135, 1376, 339, 665)"
175\CCTV175.jpg,231\Y2015M10D06h14m45s24PTZ3.jpg,0,"(1156, 1377, 475, 743)","(899, 1082, 633, 876)"
25\Probe025.jpg,25\Y2015M05D11h12m15s40PTZ8.jpg,1,"(329, 649, 553, 1029)","(1289, 1603, 604, 1041)"
149\CCTV149.jpg,115\Y2015M05D07h04m11s44PTZ1.jpg,0,"(282, 589, 423, 802)","(802, 1019, 570, 846)"
23\CCTV023.jpg,23\Y2015M04D29h02m14s56PTZ1.jpg,1,"(542, 943, 226, 746)","(954, 1170, 353, 609)"
213\Mug213.jpg,213\Y2015M05D18h16m03s59PTZ1.jpg,1,"(11, 209, 14, 314)","(962, 1166, 667, 934)"
136\Mug136.jpg,63\Y2015M05D11h12m27s06PTZ5.jpg,0,"(1, 235, 0, 307)","(1399, 1628, 583, 873)"
108\CCTV108.jpg,64\Y2015M05D07h02m15s56PTZ2.jpg,0,"(867, 1248, 347, 872)","(576, 938, 546, 1059)"
268\CCTV268.jpg,59\Y2015M04D29h05m39s56PTZ1.jpg,0,"(1158, 1445, 532, 941)","(1136, 1357, 535, 793)"
120\CCTV120.jpg,120\Y2015M05D11h06m58s46PTZ1.jpg,1,"(975, 1175, 551, 823)","(883, 1074, 169, 411)"
240\CCTV240.jpg,240\Y2015M05D18h16m47s28PTZ3.jpg,1,"(748, 1108, 353, 837)","(1069, 1385, 592, 995)"
70\Probe070.jpg,70\Y2015M04D30h03m26s32PTZ6.jpg,1,"(309, 607, 386, 803)","(1246, 1667, 349, 932)"
231\CCTV231.jpg,231\Y2015M10D06h14m45s24PTZ3.jpg,1,"(954, 1154, 732, 987)","(899, 1082, 633, 876)"
242\Probe242.jpg,242\Y2015M06D03h12m25s24PTZ6.jpg,1,"(435, 732, 574, 998)","(514, 804, 399, 742)"
162\Mug162.jpg,215\Y2015M05D22h17m50s51PTZ3.jpg,0,"(20, 235, 9, 298)","(899, 1260, 605, 1051)"
1\Mug001.jpg,1\Y2015M05D15h15m43s46PTZ1.jpg,1,"(16, 220, 5, 301)","(1096, 1336, 626, 952)"
27\Mug027.jpg,120\Y2015M06D08h19m28s37PTZ3.jpg,0,"(23, 233, 12, 308)","(740, 1158, 459, 1005)"
196\CCTV196.jpg,196\Y2015M05D15h14m40s05PTZ1.jpg,1,"(636, 1023, 326, 895)","(0, 1920, 0, 1080)"
144\Mug144.jpg,13\Y2015M05D15h18m10s48PTZ6.jpg,0,"(25, 239, 43, 312)","(930, 1239, 577, 983)"
229\CCTV229.jpg,42\Y2015M06D03h16m49s17PTZ4.jpg,0,"(606, 988, 244, 747)","(974, 1320, 411, 842)"
261\CCTV261.jpg,261\Y2015M05D22h12m12s50PTZ2.jpg,1,"(1308, 1623, 262, 652)","(1062, 1262, 715, 978)"
123\CCTV123.jpg,123\Y2015M05D15h11m22s35PTZ1.jpg,1,"(980, 1444, 417, 1011)","(1226, 1465, 194, 503)"
41\CCTV041.jpg,163\Y2015M06D23h15m40s16PTZ1.jpg,0,"(887, 1150, 647, 1017)","(534, 730, 650, 922)"
234\Mug234.jpg,112\Y2015M05D13h01m48s07PTZ3.jpg,0,"(21, 226, 5, 309)","(732, 1101, 481, 983)"
2\Mug002.jpg,2\Y2015M04D30h12m12s50PTZ1.jpg,1,"(27, 228, 38, 312)","(902, 1108, 253, 545)"
227\Mug227.jpg,128\Y2015M05D18h18m15s27PTZ5.jpg,0,"(20, 219, 9, 296)","(795, 1139, 472, 896)"
197\CCTV197.jpg,33\Y2015M05D28h12m09s31PTZ1.jpg,0,"(545, 861, 268, 715)","(1312, 1640, 370, 872)"
268\CCTV268.jpg,117\Y2015M05D25h15m21s11PTZ1.jpg,0,"(1158, 1445, 532, 941)","(1124, 1376, 459, 784)"
175\Mug175.jpg,175\Y2015M06D17h12m41s44PTZ1.jpg,1,"(10, 225, 30, 262)","(1157, 1338, 544, 749)"
126\Mug126.jpg,126\Y2015M05D07h04m47s51PTZ2.jpg,1,"(24, 236, 2, 311)","(854, 1135, 312, 716)"
242\Mug242.jpg,194\Y2015M06D02h17m40s26PTZ1.jpg,0,"(32, 240, 51, 295)","(620, 862, 483, 829)"
250\Mug250.jpg,105\Y2015M05D04h05m58s14PTZ4.jpg,0,"(5, 227, 10, 300)","(755, 1007, 346, 680)"
136\CCTV136.jpg,136\Y2015M05D07h12m16s03PTZ4.jpg,1,"(1403, 1815, 383, 970)","(1286, 1576, 470, 815)"
14\Mug014.jpg,14\Y2015M05D13h01m06s08PTZ2.jpg,1,"(17, 223, 10, 280)","(829, 1138, 497, 921)"
185\Mug185.jpg,213\Y2015M05D18h16m03s59PTZ1.jpg,0,"(30, 234, 45, 303)","(962, 1166, 667, 934)"
130\Mug130.jpg,20\Y2015M05D11h11m09s10PTZ1.jpg,0,"(13, 224, 27, 273)","(893, 1104, 354, 630)"
104\Probe104.jpg,104\Y2015M10D01h12m54s42PTZ1.jpg,1,"(311, 614, 519, 942)","(266, 486, 178, 454)"
157\Mug157.jpg,157\Y2015M05D12h04m19s53PTZ1.jpg,1,"(26, 228, 43, 318)","(984, 1185, 640, 887)"
124\CCTV124.jpg,124\Y2015M09D29h17m55s22PTZ4.jpg,1,"(508, 935, 440, 1028)","(1012, 1191, 616, 834)"
124\Probe124.jpg,124\Y2015M05D27h12m13s25PTZ2.jpg,1,"(398, 666, 633, 1024)","(387, 709, 387, 827)"
121\CCTV121.jpg,33\Y2015M05D22h13m05s32PTZ3.jpg,0,"(1153, 1642, 267, 914)","(872, 1280, 438, 994)"
196\Mug196.jpg,196\Y2015M05D21h17m51s04PTZ1.jpg,1,"(32, 233, 50, 298)","(303, 547, 468, 808)"
25\Mug025.jpg,223\Y2015M06D12h16m19s46PTZ4.jpg,0,"(31, 232, 45, 302)","(1101, 1423, 478, 882)"
113\Mug113.jpg,171\Y2015M05D08h04m48s31PTZ6.jpg,0,"(5, 253, 9, 286)","(745, 1064, 652, 998)"
268\Mug268.jpg,268\Y2015M06D11h13m22s05PTZ1.jpg,1,"(28, 235, 40, 311)","(1255, 1525, 282, 658)"
146\Mug146.jpg,146\Y2015M05D21h15m10s26PTZ2.jpg,1,"(8, 221, 0, 306)","(353, 639, 216, 691)"
224\CCTV224.jpg,179\Y2015M06D12h09m38s57PTZ4.jpg,0,"(776, 1200, 224, 812)","(1116, 1356, 390, 740)"
45\Probe045.jpg,45\Y2015M04D28h06m06s06PTZ4.jpg,1,"(386, 681, 641, 1055)","(552, 899, 97, 555)"
41\Probe041.jpg,41\Y2015M04D28h05m43s34PTZ8.jpg,1,"(373, 643, 457, 858)","(1204, 1408, 787, 1075)"
3\Mug003.jpg,3\Y2015M04D28h03m01s26PTZ5.jpg,1,"(19, 235, 11, 294)","(878, 1120, 593, 892)"
46\Mug046.jpg,75\Y2015M05D14h17m59s12PTZ1.jpg,0,"(6, 191, 1, 293)","(697, 918, 491, 752)"
98\Mug098.jpg,164\Y2015M10D01h15m55s02PTZ3.jpg,0,"(3, 226, 3, 302)","(999, 1253, 415, 773)"
12\CCTV012.jpg,12\Y2015M05D05h12m53s09PTZ2.jpg,1,"(1136, 1355, 501, 793)","(1133, 1402, 346, 708)"
240\Mug240.jpg,266\Y2015M06D16h19m07s17PTZ2.jpg,0,"(7, 224, 8, 301)","(990, 1250, 460, 825)"
109\CCTV109.jpg,47\Y2015M04D28h06m04s36PTZ2.jpg,0,"(0, 1920, 0, 1080)","(988, 1402, 406, 929)"
2\CCTV002.jpg,2\Y2015M05D06h12m49s40PTZ1.jpg,1,"(1060, 1262, 343, 648)","(552, 870, 372, 819)"
144\Mug144.jpg,144\Y2015M06D30h14m48s45PTZ1.jpg,1,"(25, 239, 43, 312)","(1036, 1308, 640, 1020)"
148\CCTV148.jpg,148\Y2015M05D15h15m43s08PTZ1.jpg,1,"(760, 1101, 393, 882)","(1034, 1250, 723, 1003)"
92\CCTV092.jpg,92\Y2015M05D04h11m44s17PTZ1.jpg,1,"(1006, 1379, 389, 901)","(412, 779, 532, 1019)"
75\Probe075.jpg,75\Y2015M05D07h05m47s07PTZ3.jpg,1,"(399, 683, 434, 812)","(957, 1191, 337, 606)"
185\Probe185.jpg,185\Y2015M05D11h04m01s16PTZ2.jpg,1,"(346, 660, 527, 986)","(906, 1136, 16, 341)"
69\CCTV069.jpg,169\Y2015M05D07h05m23s22PTZ1.jpg,0,"(885, 1038, 454, 644)","(865, 1124, 231, 574)"
240\Mug240.jpg,240\Y2015M05D18h16m47s28PTZ3.jpg,1,"(7, 224, 8, 301)","(1069, 1385, 592, 995)"
24\Mug024.jpg,24\Y2015M06D03h17m11s45PTZ2.jpg,1,"(18, 222, 2, 302)","(974, 1222, 714, 1063)"
167\Mug167.jpg,167\Y2015M05D13h04m10s40PTZ8.jpg,1,"(3, 230, 5, 304)","(1179, 1462, 654, 1021)"
156\CCTV156.jpg,228\Y2015M05D14h18m03s16PTZ2.jpg,0,"(0, 1920, 0, 1080)","(905, 1296, 458, 1022)"
134\Mug134.jpg,7\Y2015M07D03h15m27s26PTZ2.jpg,0,"(31, 237, 48, 301)","(798, 1119, 557, 985)"
120\Mug120.jpg,98\Y2015M05D18h19m36s01PTZ2.jpg,0,"(17, 226, 11, 280)","(753, 1106, 406, 878)"
58\CCTV058.jpg,58\Y2015M05D14h16m55s39PTZ8.jpg,1,"(859, 1108, 337, 687)","(1068, 1474, 512, 1079)"
260\Probe260.jpg,260\Y2015M05D21h17m21s26PTZ1.jpg,1,"(230, 458, 342, 647)","(1209, 1398, 644, 870)"
25\CCTV025.jpg,94\Y2015M05D04h04m10s59PTZ6.jpg,0,"(1138, 1512, 158, 691)","(1564, 1728, 606, 824)"
72\CCTV072.jpg,72\Y2015M05D11h12m21s33PTZ2.jpg,1,"(868, 1243, 404, 964)","(690, 973, 400, 823)"
151\CCTV151.jpg,127\Y2015M05D19h12m37s21PTZ2.jpg,0,"(1152, 1527, 460, 965)","(601, 827, 718, 1025)"
18\Mug018.jpg,18\Y2015M06D13h13m03s54PTZ2.jpg,1,"(22, 234, 8, 311)","(960, 1178, 722, 959)"
41\Mug041.jpg,169\Y2015M05D07h05m23s22PTZ1.jpg,0,"(30, 232, 40, 316)","(865, 1124, 231, 574)"
138\CCTV138.jpg,138\Y2015M05D22h12m45s53PTZ1.jpg,1,"(882, 1130, 327, 639)","(786, 1188, 415, 880)"
118\CCTV118.jpg,118\Y2015M05D21h17m50s11PTZ3.jpg,1,"(451, 811, 192, 710)","(980, 1311, 591, 1061)"
126\Mug126.jpg,126\Y2015M06D01h16m58s46PTZ1.jpg,1,"(24, 236, 2, 311)","(997, 1253, 558, 925)"
45\CCTV045.jpg,30\Y2015M04D28h03m17s36PTZ3.jpg,0,"(932, 1149, 572, 849)","(809, 1112, 498, 949)"
69\Probe069.jpg,69\Y2015M06D11h13m40s52PTZ3.jpg,1,"(206, 449, 589, 929)","(635, 951, 450, 769)"
71\Probe071.jpg,71\Y2015M05D12h12m43s01PTZ2.jpg,1,"(296, 490, 417, 702)","(980, 1289, 408, 829)"
71\CCTV071.jpg,163\Y2015M06D23h15m40s16PTZ1.jpg,0,"(633, 1045, 478, 1050)","(534, 730, 650, 922)"
121\CCTV121.jpg,218\Y2015M05D15h17m55s43PTZ2.jpg,0,"(1153, 1642, 267, 914)","(772, 1098, 344, 791)"
200\Probe200.jpg,200\Y2015M05D13h01m26s47PTZ6.jpg,1,"(360, 678, 537, 990)","(1023, 1374, 392, 884)"
63\CCTV063.jpg,34\Y2015M05D22h20m06s52PTZ1.jpg,0,"(739, 1024, 476, 810)","(1031, 1249, 521, 841)"
54\CCTV54.jpg,54\Y2015M05D08h10m22s20PTZ4.jpg,1,"(726, 1116, 123, 667)","(1268, 1629, 358, 813)"
204\Mug204.jpg,136\Y2015M05D07h12m16s03PTZ4.jpg,0,"(15, 230, 14, 284)","(1286, 1576, 470, 815)"
10\Probe010.jpg,10\Y2015M05D15h18m13s21PTZ1.jpg,1,"(323, 630, 568, 1017)","(1183, 1359, 661, 886)"
214\Mug214.jpg,214\Y2015M05D26h16m10s04PTZ1.jpg,1,"(1, 233, 4, 307)","(494, 687, 469, 803)"
217\Probe217.jpg,217\Y2015M06D11h12m53s35PTZ4.jpg,1,"(383, 649, 545, 931)","(398, 744, 475, 926)"
106\Probe106.jpg,106\Y2015M05D13h01m53s20PTZ4.jpg,1,"(396, 658, 590, 961)","(1094, 1428, 427, 879)"
225\CCTV225.jpg,225\Y2015M05D13h04m35s38PTZ4.jpg,1,"(1046, 1501, 206, 792)","(1198, 1536, 417, 885)"
70\CCTV070.jpg,70\Y2015M05D13h01m51s05PTZ1.jpg,1,"(1333, 1539, 664, 930)","(1164, 1342, 646, 891)"
194\CCTV194.jpg,194\Y2015M06D09h10m33s44PTZ9.jpg,1,"(986, 1215, 641, 949)","(788, 1096, 488, 882)"
101\CCTV101.jpg,101\Y2015M05D06h11m01s04PTZ1.jpg,1,"(562, 811, 412, 823)","(1321, 1505, 634, 919)"
187\Probe187.jpg,187\Y2015M05D18h17m17s44PTZ3.jpg,1,"(387, 672, 670, 1054)","(772, 993, 636, 913)"
67\CCTV067.jpg,90\Y2015M05D04h11m43s52PTZ1.jpg,0,"(1066, 1330, 578, 903)","(1385, 1589, 568, 851)"
115\Mug115.jpg,6\Y2015M05D06h09m23s16PTZ7.jpg,0,"(8, 223, 3, 308)","(1177, 1671, 265, 829)"
246\CCTV246.jpg,72\Y2015M05D11h12m21s33PTZ4.jpg,0,"(689, 1118, 391, 911)","(1038, 1394, 448, 956)"
120\CCTV120.jpg,177\Y2015M05D14h16m42s40PTZ6.jpg,0,"(975, 1175, 551, 823)","(507, 839, 252, 712)"
34\Mug034.jpg,233\Y2015M05D22h14m22s05PTZ1.jpg,0,"(20, 226, 5, 289)","(1551, 1801, 536, 879)"
80\CCTV080.jpg,94\Y2015M05D04h04m10s59PTZ6.jpg,0,"(886, 1242, 259, 719)","(1564, 1728, 606, 824)"
124\Mug124.jpg,124\Y2015M05D15h13m10s14PTZ1.jpg,1,"(25, 235, 49, 306)","(882, 1146, 443, 787)"
18\CCTV018.jpg,18\Y2015M06D13h13m03s54PTZ2.jpg,1,"(928, 1245, 509, 900)","(960, 1178, 722, 959)"
209\Mug209.jpg,207\Y2015M05D12h03m14s59PTZ4.jpg,0,"(20, 233, 12, 281)","(1368, 1714, 491, 995)"
191\Mug191.jpg,191\Y2015M05D11h05m38s05PTZ3.jpg,1,"(17, 230, 13, 297)","(1124, 1323, 705, 995)"
25\CCTV025.jpg,266\Y2015M07D13h17m26s36PTZ6.jpg,0,"(1138, 1512, 158, 691)","(1043, 1424, 278, 814)"
27\Mug027.jpg,27\Y2015M05D08h12m07s35PTZ4.jpg,1,"(23, 233, 12, 308)","(1298, 1581, 228, 710)"
136\Mug136.jpg,136\Y2015M05D07h12m16s03PTZ4.jpg,1,"(1, 235, 0, 307)","(1286, 1576, 470, 815)"
261\Mug261.jpg,106\Y2015M05D13h01m53s20PTZ1.jpg,0,"(14, 224, 13, 304)","(764, 1065, 497, 885)"
167\Mug167.jpg,167\Y2015M05D28h15m50s25PTZ2.jpg,1,"(3, 230, 5, 304)","(1092, 1336, 301, 630)"
58\Mug058.jpg,58\Y2015M05D14h16m55s39PTZ7.jpg,1,"(29, 236, 36, 317)","(619, 1014, 426, 946)"
148\Mug148.jpg,148\Y2015M05D15h15m43s08PTZ1.jpg,1,"(18, 216, 11, 296)","(1034, 1250, 723, 1003)"
80\Probe080.jpg,80\Y2015M05D08h03m58s59PTZ2.jpg,1,"(417, 683, 586, 960)","(1032, 1236, 131, 394)"
64\CCTV064.jpg,118\Y2015M05D11h01m13s42PTZ6.jpg,0,"(949, 1408, 279, 883)","(548, 909, 300, 843)"
27\Mug027.jpg,144\Y2015M05D13h06m11s18PTZ2.jpg,0,"(23, 233, 12, 308)","(985, 1216, 373, 685)"
167\Probe167.jpg,167\Y2015M05D13h04m10s40PTZ10.jpg,1,"(326, 610, 528, 929)","(1222, 1605, 194, 747)"
216\Mug216.jpg,216\Y2015M06D23h14m42s31PTZ5.jpg,1,"(32, 231, 27, 332)","(800, 979, 270, 543)"
158\Probe158.jpg,158\Y2015M05D07h05m58s29PTZ4.jpg,1,"(426, 696, 591, 978)","(742, 1105, 449, 906)"
156\CCTV156.jpg,62\Y2015M04D29h05m05s59PTZ3.jpg,0,"(0, 1920, 0, 1080)","(474, 722, 745, 1023)"
185\CCTV185.jpg,200\Y2015M05D13h01m26s47PTZ4.jpg,0,"(779, 1193, 144, 702)","(906, 1252, 587, 1062)"
71\Mug071.jpg,11\Y2015M05D25h10m52s36PTZ1.jpg,0,"(15, 219, 10, 295)","(1453, 1660, 451, 729)"
113\Probe113.jpg,113\Y2015M05D13h06m10s22PTZ12.jpg,1,"(330, 658, 527, 949)","(976, 1388, 316, 856)"
42\Probe042.jpg,42\Y2015M06D03h16m49s17PTZ4.jpg,1,"(355, 725, 452, 983)","(974, 1320, 411, 842)"
175\Mug175.jpg,175\Y2015M05D13h05m42s21PTZ4.jpg,1,"(10, 225, 30, 262)","(400, 758, 453, 825)"
10\CCTV010.jpg,10\Y2015M05D06h05m02s17PTZ1.jpg,1,"(987, 1252, 441, 800)","(1056, 1285, 424, 739)"
58\CCTV058.jpg,216\Y2015M06D23h15m23s34PTZ2.jpg,0,"(859, 1108, 337, 687)","(441, 706, 276, 698)"
72\Mug072.jpg,71\Y2015M05D12h03m53s44PTZ2.jpg,0,"(22, 232, 4, 302)","(1096, 1321, 476, 788)"
226\CCTV226.jpg,23\Y2015M04D29h02m14s56PTZ1.jpg,0,"(812, 1091, 303, 642)","(954, 1170, 353, 609)"
58\Probe058.jpg,58\Y2015M05D14h16m55s39PTZ8.jpg,1,"(260, 466, 432, 735)","(1068, 1474, 512, 1079)"
135\Mug135.jpg,20\Y2015M05D11h11m09s10PTZ1.jpg,0,"(30, 233, 25, 331)","(893, 1104, 354, 630)"
104\Probe104.jpg,104\Y2015M09D25h16m02s13PTZ6.jpg,1,"(311, 614, 519, 942)","(879, 1062, 372, 609)"
138\Mug138.jpg,15\Y2015M05D08h06m00s16PTZ1.jpg,0,"(3, 238, 8, 301)","(1135, 1427, 503, 869)"
112\CCTV112.jpg,6\Y2015M05D04h09m58s23PTZ2.jpg,0,"(535, 820, 612, 1005)","(1146, 1390, 485, 811)"
131\CCTV131.jpg,139\Y2015M05D14h15m38s48PTZ6.jpg,0,"(910, 1179, 530, 890)","(1120, 1466, 233, 697)"
159\Probe159.jpg,159\Y2015M06D12h15m52s53PTZ1.jpg,1,"(342, 657, 608, 1021)","(1049, 1268, 346, 650)"
200\CCTV200.jpg,200\Y2015M05D27h17m16s55PTZ1.jpg,1,"(976, 1265, 451, 863)","(1090, 1289, 652, 916)"
179\Probe179.jpg,179\Y2015M06D12h09m38s57PTZ7.jpg,1,"(408, 674, 659, 1064)","(787, 1139, 360, 862)"
70\CCTV070.jpg,233\Y2015M05D22h14m22s05PTZ1.jpg,0,"(1333, 1539, 664, 930)","(1551, 1801, 536, 879)"
144\Mug144.jpg,144\Y2015M05D07h06m32s33PTZ2.jpg,1,"(25, 239, 43, 312)","(1057, 1284, 394, 708)"
19\Probe019.jpg,19\Y2015M05D05h01m07s24PTZ1.jpg,1,"(328, 636, 709, 1158)","(1039, 1292, 232, 578)"
138\Probe138.jpg,138\Y2015M05D22h12m45s53PTZ1.jpg,1,"(426, 729, 590, 989)","(786, 1188, 415, 880)"
70\Mug070.jpg,70\Y2015M05D13h01m51s05PTZ1.jpg,1,"(15, 224, 7, 291)","(1164, 1342, 646, 891)"
266\Mug266.jpg,266\Y2015M05D29h15m31s31PTZ1.jpg,1,"(10, 223, 7, 306)","(1096, 1402, 459, 864)"
93\Mug093.jpg,93\Y2015M05D27h15m23s53PTZ2.jpg,1,"(13, 222, 16, 279)","(1261, 1560, 203, 598)"
240\CCTV240.jpg,118\Y2015M05D21h17m50s11PTZ3.jpg,0,"(748, 1108, 353, 837)","(980, 1311, 591, 1061)"
198\Mug198.jpg,198\Y2015M10D06h14m36s03PTZ7.jpg,1,"(12, 226, 5, 298)","(900, 1119, 588, 840)"
214\CCTV214.jpg,164\Y2015M10D01h11m40s54PTZ4.jpg,0,"(827, 1249, 407, 1017)","(1253, 1404, 629, 855)"
183\Mug183.jpg,55\Y2015M04D29h03m50s06PTZ2.jpg,0,"(55, 256, 0, 338)","(1413, 1741, 201, 656)"
13\Mug013.jpg,13\Y2015M04D28h12m24s47PTZ5.jpg,1,"(32, 238, 48, 297)","(1203, 1658, 521, 1076)"
19\CCTV019.jpg,19\Y2015M05D05h01m06s41PTZ1.jpg,1,"(1187, 1542, 502, 986)","(622, 817, 103, 363)"
20\Mug020.jpg,226\Y2015M05D13h05m46s23PTZ1.jpg,0,"(4, 235, 4, 301)","(1410, 1619, 281, 558)"
240\CCTV240.jpg,6\Y2015M05D20h05m29s09PTZ1.jpg,0,"(748, 1108, 353, 837)","(801, 1080, 489, 824)"
161\Probe161.jpg,161\Y2015M05D29h13m13s10PTZ1.jpg,1,"(445, 706, 541, 939)","(517, 797, 315, 740)"
228\CCTV228.jpg,260\Y2015M05D21h17m21s26PTZ2.jpg,0,"(768, 1098, 380, 844)","(1087, 1312, 640, 919)"
116\CCTV116.jpg,102\Y2015M05D12h02m37s23PTZ1.jpg,0,"(101, 490, 310, 883)","(1561, 1773, 480, 751)"
209\Mug209.jpg,67\Y2015M05D06h03m18s49PTZ3.jpg,0,"(20, 233, 12, 281)","(883, 1130, 384, 695)"
80\Mug080.jpg,112\Y2015M05D25h12m58s37PTZ1.jpg,0,"(14, 219, 14, 275)","(1145, 1415, 590, 971)"
231\Mug231.jpg,231\Y2015M06D02h17m27s24PTZ2.jpg,1,"(16, 217, 5, 289)","(797, 1014, 643, 942)"
63\Probe063.jpg,63\Y2015M06D05h17m09s30PTZ4.jpg,1,"(338, 656, 607, 997)","(780, 1147, 323, 700)"
135\CCTV135.jpg,135\Y2015M05D07h12m15s21PTZ1.jpg,1,"(379, 716, 139, 633)","(425, 836, 114, 663)"
2\Mug002.jpg,159\Y2015M06D12h15m52s53PTZ1.jpg,0,"(27, 228, 38, 312)","(1049, 1268, 346, 650)"
106\CCTV106.jpg,109\Y2015M05D05h05m11s25PTZ1.jpg,0,"(710, 1140, 339, 899)","(1378, 1704, 451, 812)"
246\CCTV246.jpg,214\Y2015M05D26h16m10s04PTZ1.jpg,0,"(689, 1118, 391, 911)","(494, 687, 469, 803)"
242\CCTV242.jpg,101\Y2015M05D06h11m01s04PTZ1.jpg,0,"(360, 718, 535, 1037)","(1321, 1505, 634, 919)"
128\Mug128.jpg,128\Y2015M05D18h18m15s27PTZ2.jpg,1,"(34, 243, 55, 288)","(731, 969, 738, 1002)"
165\CCTV165.jpg,165\Y2015M05D11h04m01s16PTZ2.jpg,1,"(1351, 1691, 440, 918)","(843, 1150, 390, 867)"
165\Probe165.jpg,165\Y2015M05D07h05m02s28PTZ4.jpg,1,"(385, 638, 428, 825)","(955, 1233, 591, 965)"
75\CCTV075.jpg,75\Y2015M05D07h05m47s07PTZ3.jpg,1,"(835, 1049, 565, 824)","(957, 1191, 337, 606)"
137\CCTV137.jpg,115\Y2015M05D07h04m11s44PTZ1.jpg,0,"(667, 1018, 578, 1015)","(802, 1019, 570, 846)"
58\CCTV058.jpg,127\Y2015M05D07h11m03s53PTZ2.jpg,0,"(859, 1108, 337, 687)","(1031, 1390, 349, 865)"
158\CCTV158.jpg,242\Y2015M06D15h16m19s08PTZ2.jpg,0,"(347, 773, 253, 850)","(1033, 1269, 605, 868)"
179\CCTV179.jpg,179\Y2015M06D12h09m38s57PTZ7.jpg,1,"(836, 1144, 188, 642)","(787, 1139, 360, 862)"
3\Mug003.jpg,188\Y2015M06D15h11m05s05PTZ4.jpg,0,"(19, 235, 11, 294)","(686, 927, 701, 1000)"
102\CCTV102.jpg,102\Y2015M05D21h17m50s31PTZ1.jpg,1,"(563, 945, 418, 916)","(698, 1026, 432, 876)"
43\CCTV043.jpg,34\Y2015M05D22h20m06s52PTZ1.jpg,0,"(334, 691, 401, 867)","(1031, 1249, 521, 841)"
24\Mug024.jpg,24\Y2015M06D30h13m24s30PTZ1.jpg,1,"(18, 222, 2, 302)","(743, 999, 670, 1036)"
102\CCTV102.jpg,102\Y2015M05D21h17m50s31PTZ3.jpg,1,"(563, 945, 418, 916)","(930, 1277, 418, 897)"
12\Mug012.jpg,146\Y2015M05D21h15m10s42PTZ1.jpg,0,"(7, 236, 12, 308)","(258, 695, 375, 928)"
57\Mug057.jpg,57\Y2015M05D06h04m19s21PTZ5.jpg,1,"(19, 225, 16, 277)","(1289, 1668, 322, 841)"
163\Mug163.jpg,171\Y2015M05D08h04m48s31PTZ6.jpg,0,"(2, 234, 0, 304)","(745, 1064, 652, 998)"
5\CCTV005.jpg,183\Y2015M05D11h03m11s35PTZ1.jpg,0,"(1285, 1702, 286, 840)","(1126, 1319, 449, 725)"
252\Mug252.jpg,124\Y2015M09D29h17m55s22PTZ4.jpg,0,"(15, 220, 19, 284)","(1012, 1191, 616, 834)"
80\Mug080.jpg,77\Y2015M05D19h12m05s41PTZ1.jpg,0,"(14, 219, 14, 275)","(1056, 1365, 432, 779)"
233\Mug233.jpg,69\Y2015M06D11h13m40s52PTZ2.jpg,0,"(22, 233, 5, 307)","(285, 531, 573, 884)"
171\Probe171.jpg,171\Y2015M05D08h04m48s31PTZ4.jpg,1,"(421, 694, 559, 957)","(1305, 1552, 462, 778)"
206\CCTV206.jpg,162\Y2015M05D12h12m37s30PTZ1.jpg,0,"(877, 1231, 400, 879)","(1243, 1456, 661, 927)"
120\CCTV120.jpg,205\Y2015M06D25h17m28s11PTZ1.jpg,0,"(975, 1175, 551, 823)","(1163, 1375, 434, 714)"
31\CCTV031.jpg,31\Y2015M05D07h01m43s07PTZ2.jpg,1,"(1198, 1572, 467, 971)","(1025, 1387, 330, 801)"
102\Mug102.jpg,197\Y2015M05D25h18m34s20PTZ1.jpg,0,"(60, 261, 1, 329)","(806, 1005, 617, 898)"
18\Probe018.jpg,18\Y2015M06D13h13m03s54PTZ5.jpg,1,"(350, 665, 591, 1051)","(1007, 1367, 578, 986)"
91\CCTV091.jpg,137\Y2015M10D06h12m44s35PTZ1.jpg,0,"(667, 1011, 379, 890)","(1057, 1169, 336, 478)"
34\CCTV034.jpg,9\Y2015M05D15h14m20s03PTZ1.jpg,0,"(1127, 1449, 424, 880)","(679, 1140, 207, 767)"
94\CCTV094.jpg,171\Y2015M05D08h04m48s31PTZ2.jpg,0,"(641, 1044, 408, 1015)","(1254, 1446, 600, 833)"
188\Mug188.jpg,188\Y2015M06D15h12m11s59PTZ2.jpg,1,"(4, 217, 3, 267)","(1008, 1211, 699, 961)"
57\Probe057.jpg,57\Y2015M05D06h04m19s12PTZ1.jpg,1,"(296, 608, 408, 855)","(1056, 1523, 200, 846)"
265\Mug265.jpg,265\Y2015M05D25h16m17s57PTZ6.jpg,1,"(2, 239, 18, 306)","(1436, 1773, 449, 887)"
42\CCTV042.jpg,42\Y2015M06D03h16m51s43PTZ1.jpg,1,"(737, 1152, 335, 890)","(1280, 1501, 565, 860)"
11\Probe011.jpg,11\Y2015M05D26h16m31s03PTZ1.jpg,1,"(374, 683, 517, 956)","(1049, 1333, 311, 692)"
57\CCTV057.jpg,57\Y2015M05D06h04m19s12PTZ1.jpg,1,"(0, 1920, 0, 1080)","(1056, 1523, 200, 846)"
164\CCTV164.jpg,164\Y2015M05D07h12m54s11PTZ1.jpg,1,"(1111, 1504, 231, 827)","(1165, 1454, 453, 859)"
238\Mug238.jpg,227\Y2015M05D26h19m38s39PTZ1.jpg,0,"(0, 242, 10, 306)","(1230, 1403, 611, 850)"
252\Mug252.jpg,252\Y2015M05D28h11m51s26PTZ2.jpg,1,"(15, 220, 19, 284)","(1056, 1287, 577, 862)"
138\Mug138.jpg,138\Y2015M05D11h12m46s33PTZ3.jpg,1,"(3, 238, 8, 301)","(1434, 1637, 646, 911)"
137\Probe137.jpg,137\Y2015M05D06h03m39s42PTZ1.jpg,1,"(264, 495, 446, 764)","(631, 870, 673, 984)"
227\Probe227.jpg,227\Y2015M05D13h05m12s25PTZ6.jpg,1,"(257, 473, 350, 683)","(0, 1920, 0, 1080)"
268\CCTV268.jpg,268\Y2015M06D11h13m22s05PTZ1.jpg,1,"(1158, 1445, 532, 941)","(1255, 1525, 282, 658)"
118\Mug118.jpg,215\Y2015M05D22h17m50s51PTZ1.jpg,0,"(23, 235, 0, 330)","(1009, 1270, 665, 991)"
46\Mug046.jpg,46\Y2015M04D28h06m03s18PTZ1.jpg,1,"(6, 191, 1, 293)","(889, 1000, 740, 881)"
156\Mug156.jpg,225\Y2015M05D13h04m35s38PTZ4.jpg,0,"(51, 260, 6, 289)","(1198, 1536, 417, 885)"
2\Mug002.jpg,223\Y2015M05D14h12m53s52PTZ1.jpg,0,"(27, 228, 38, 312)","(1369, 1645, 536, 890)"
14\Probe014.jpg,14\Y2015M06D04h18m08s17PTZ2.jpg,1,"(295, 644, 468, 976)","(605, 911, 470, 884)"
246\Probe246.jpg,246\Y2015M05D25h12m24s39PTZ1.jpg,1,"(387, 665, 524, 911)","(1253, 1502, 709, 1013)"
62\CCTV062.jpg,62\Y2015M04D29h05m05s59PTZ1.jpg,1,"(710, 1051, 356, 818)","(1023, 1217, 709, 955)"
62\Mug062.jpg,62\Y2015M04D29h05m05s59PTZ3.jpg,1,"(35, 240, 50, 290)","(474, 722, 745, 1023)"
146\Mug146.jpg,146\Y2015M05D21h15m10s42PTZ1.jpg,1,"(8, 221, 0, 306)","(258, 695, 375, 928)"
130\Mug130.jpg,130\Y2015M05D25h16m13s03PTZ3.jpg,1,"(13, 224, 27, 273)","(832, 1274, 273, 827)"
92\Mug092.jpg,92\Y2015M05D13h05m01s20PTZ5.jpg,1,"(4, 213, 8, 261)","(850, 1136, 486, 893)"
55\CCTV055.jpg,55\Y2015M05D26h17m49s03PTZ1.jpg,1,"(720, 1117, 349, 899)","(1242, 1553, 313, 731)"
240\Probe240.jpg,240\Y2015M05D18h16m47s28PTZ3.jpg,1,"(360, 632, 643, 1027)","(1069, 1385, 592, 995)"
63\CCTV063.jpg,63\Y2015M06D05h17m09s30PTZ4.jpg,1,"(739, 1024, 476, 810)","(780, 1147, 323, 700)"
187\CCTV187.jpg,9\Y2015M04D29h02m25s05PTZ3.jpg,0,"(1121, 1499, 470, 949)","(469, 729, 597, 875)"
233\CCTV233.jpg,109\Y2015M05D05h05m11s25PTZ1.jpg,0,"(1146, 1543, 214, 765)","(1378, 1704, 451, 812)"
268\Mug268.jpg,5\Y2015M06D26h03m50s13PTZ2.jpg,0,"(28, 235, 40, 311)","(758, 1014, 466, 818)"
182\Mug182.jpg,7\Y2015M06D15h17m18s57PTZ1.jpg,0,"(5, 218, 7, 263)","(932, 1191, 464, 814)"
179\CCTV179.jpg,15\Y2015M05D18h18m07s12PTZ4.jpg,0,"(836, 1144, 188, 642)","(730, 1071, 554, 991)"
98\Mug098.jpg,98\Y2015M05D11h04m51s39PTZ2.jpg,1,"(3, 226, 3, 302)","(1286, 1579, 319, 694)"
58\Mug058.jpg,35\Y2015M05D21h17m42s40PTZ1.jpg,0,"(29, 236, 36, 317)","(0, 1920, 0, 1080)"
181\CCTV181.jpg,101\Y2015M05D06h11m01s04PTZ1.jpg,0,"(1101, 1377, 399, 763)","(1321, 1505, 634, 919)"
138\CCTV138.jpg,218\Y2015M05D15h17m55s43PTZ1.jpg,0,"(882, 1130, 327, 639)","(1208, 1469, 392, 765)"
92\Mug092.jpg,126\Y2015M05D07h04m47s51PTZ2.jpg,0,"(4, 213, 8, 261)","(854, 1135, 312, 716)"
188\CCTV188.jpg,187\Y2015M05D18h17m17s44PTZ7.jpg,0,"(1058, 1454, 543, 1073)","(507, 754, 513, 839)"
212\CCTV212.jpg,195\Y2015M05D14h16m54s41PTZ2.jpg,0,"(776, 1067, 631, 1014)","(112, 471, 588, 1042)"
1\Probe001.jpg,1\Y2015M05D15h15m43s46PTZ1.jpg,1,"(335, 669, 622, 1110)","(1096, 1336, 626, 952)"
220\CCTV220.jpg,134\Y2015M05D13h03m59s37PTZ2.jpg,0,"(1202, 1559, 236, 746)","(328, 537, 165, 448)"
6\Mug006.jpg,6\Y2015M05D04h09m58s23PTZ2.jpg,1,"(14, 227, 14, 281)","(1146, 1390, 485, 811)"
188\Mug188.jpg,188\Y2015M05D27h18m25s23PTZ1.jpg,1,"(4, 217, 3, 267)","(865, 1044, 601, 827)"
164\CCTV164.jpg,164\Y2015M10D01h15m55s02PTZ2.jpg,1,"(1111, 1504, 231, 827)","(1131, 1301, 620, 860)"
144\CCTV144.jpg,144\Y2015M06D11h17m54s24PTZ4.jpg,1,"(633, 912, 587, 975)","(641, 914, 330, 680)"
45\Probe045.jpg,45\Y2015M04D28h06m06s06PTZ3.jpg,1,"(386, 681, 641, 1055)","(1256, 1556, 328, 718)"
259\Mug259.jpg,230\Y2015M07D14h09m24s23PTZ4.jpg,0,"(32, 243, 54, 292)","(719, 1158, 480, 981)"
33\Mug033.jpg,268\Y2015M06D11h13m22s05PTZ2.jpg,0,"(21, 223, 2, 298)","(807, 1108, 237, 671)"
197\CCTV197.jpg,70\Y2015M05D05h04m26s57PTZ8.jpg,0,"(545, 861, 268, 715)","(467, 875, 310, 890)"
230\CCTV230.jpg,42\Y2015M04D28h05m44s33PTZ6.jpg,0,"(1295, 1529, 397, 705)","(927, 1308, 182, 649)"
123\Probe123.jpg,123\Y2015M05D06h12m02s12PTZ4.jpg,1,"(291, 521, 433, 760)","(301, 521, 569, 862)"
183\CCTV183.jpg,183\Y2015M05D11h03m11s35PTZ2.jpg,1,"(84, 509, 290, 873)","(827, 1041, 656, 956)"
131\CCTV131.jpg,120\Y2015M06D08h19m28s37PTZ3.jpg,0,"(910, 1179, 530, 890)","(740, 1158, 459, 1005)"
72\CCTV072.jpg,72\Y2015M05D11h12m21s33PTZ3.jpg,1,"(868, 1243, 404, 964)","(827, 1169, 396, 895)"
225\Mug225.jpg,225\Y2015M05D13h04m35s29PTZ1.jpg,1,"(18, 232, 15, 287)","(1204, 1435, 433, 728)"
91\CCTV091.jpg,54\Y2015M05D22h13m02s31PTZ2.jpg,0,"(667, 1011, 379, 890)","(867, 1120, 556, 887)"
161\Mug161.jpg,60\Y2015M05D12h12m49s26PTZ1.jpg,0,"(7, 215, 4, 308)","(1338, 1536, 335, 605)"
117\CCTV117.jpg,126\Y2015M06D01h16m58s46PTZ1.jpg,0,"(1140, 1389, 543, 886)","(997, 1253, 558, 925)"
206\CCTV206.jpg,77\Y2015M05D19h12m05s41PTZ3.jpg,0,"(877, 1231, 400, 879)","(1271, 1653, 525, 885)"
237\CCTV237.jpg,225\Y2015M05D13h04m35s29PTZ2.jpg,0,"(628, 832, 382, 661)","(893, 1144, 356, 672)"
25\Mug025.jpg,102\Y2015M05D21h17m50s31PTZ4.jpg,0,"(31, 232, 45, 302)","(1133, 1541, 529, 1073)"
94\CCTV094.jpg,165\Y2015M05D11h04m01s16PTZ2.jpg,0,"(641, 1044, 408, 1015)","(843, 1150, 390, 867)"
246\CCTV246.jpg,246\Y2015M05D27h12m17s26PTZ4.jpg,1,"(689, 1118, 391, 911)","(1255, 1652, 507, 1002)"
197\Mug197.jpg,197\Y2015M05D25h18m34s20PTZ3.jpg,1,"(8, 215, 7, 318)","(625, 891, 623, 1006)"
259\Probe259.jpg,259\Y2015M05D26h18m54s06PTZ1.jpg,1,"(458, 766, 463, 884)","(1472, 1686, 333, 612)"
42\Mug042.jpg,91\Y2015M05D07h10m45s29PTZ1.jpg,0,"(58, 260, 0, 337)","(845, 1057, 436, 765)"
40\CCTV040.jpg,40\Y2015M04D28h05m43s02PTZ2.jpg,1,"(1228, 1552, 639, 1079)","(982, 1229, 483, 799)"
214\CCTV214.jpg,138\Y2015M05D11h12m46s33PTZ3.jpg,0,"(827, 1249, 407, 1017)","(1434, 1637, 646, 911)"
20\Probe020.jpg,20\Y2015M05D11h11m09s10PTZ4.jpg,1,"(393, 668, 651, 1042)","(1076, 1326, 387, 746)"
250\CCTV250.jpg,108\Y2015M05D18h19m32s06PTZ1.jpg,0,"(916, 1204, 439, 821)","(618, 901, 332, 741)"
128\Mug128.jpg,128\Y2015M05D18h18m15s27PTZ3.jpg,1,"(34, 243, 55, 288)","(791, 1067, 493, 800)"
158\CCTV158.jpg,67\Y2015M05D06h03m18s49PTZ3.jpg,0,"(347, 773, 253, 850)","(883, 1130, 384, 695)"
46\Mug046.jpg,46\Y2015M04D28h06m03s18PTZ6.jpg,1,"(6, 191, 1, 293)","(1166, 1438, 510, 877)"
23\Mug023.jpg,115\Y2015M05D14h15m51s53PTZ3.jpg,0,"(16, 227, 10, 284)","(863, 1189, 477, 935)"
169\Mug169.jpg,1\Y2015M05D13h04m35s40PTZ1.jpg,0,"(31, 234, 51, 299)","(877, 1191, 147, 588)"
40\CCTV040.jpg,266\Y2015M05D29h15m31s31PTZ1.jpg,0,"(1228, 1552, 639, 1079)","(1096, 1402, 459, 864)"
265\Mug265.jpg,265\Y2015M05D25h16m17s57PTZ4.jpg,1,"(2, 239, 18, 306)","(1334, 1725, 333, 851)"
69\Mug069.jpg,148\Y2015M05D13h04m58s11PTZ2.jpg,0,"(3, 232, 12, 301)","(1029, 1227, 666, 935)"
101\Mug101.jpg,151\Y2015M05D07h10m50s24PTZ1.jpg,0,"(12, 209, 16, 316)","(1133, 1369, 323, 620)"
144\CCTV144.jpg,194\Y2015M06D15h17m09s00PTZ2.jpg,0,"(633, 912, 587, 975)","(229, 433, 747, 1010)"
10\Mug010.jpg,144\Y2015M06D30h14m48s45PTZ1.jpg,0,"(16, 221, 8, 283)","(1036, 1308, 640, 1020)"
135\Mug135.jpg,207\Y2015M05D12h03m14s59PTZ2.jpg,0,"(30, 233, 25, 331)","(1516, 1770, 618, 939)"
41\CCTV041.jpg,20\Y2015M05D11h11m09s10PTZ4.jpg,0,"(887, 1150, 647, 1017)","(1076, 1326, 387, 746)"
101\Mug101.jpg,101\Y2015M05D06h11m01s04PTZ5.jpg,1,"(12, 209, 16, 316)","(1125, 1427, 379, 816)"
55\CCTV055.jpg,55\Y2015M04D29h03m50s06PTZ2.jpg,1,"(720, 1117, 349, 899)","(1413, 1741, 201, 656)"
14\CCTV014.jpg,14\Y2015M05D13h01m06s08PTZ2.jpg,1,"(1105, 1481, 261, 801)","(829, 1138, 497, 921)"
214\Mug214.jpg,59\Y2015M04D29h05m40s18PTZ1.jpg,0,"(1, 233, 4, 307)","(1087, 1528, 483, 1071)"
177\CCTV177.jpg,109\Y2015M05D18h18m11s51PTZ2.jpg,0,"(939, 1324, 368, 891)","(547, 831, 607, 938)"
223\CCTV223.jpg,223\Y2015M06D12h16m19s46PTZ4.jpg,1,"(769, 1185, 288, 810)","(1101, 1423, 478, 882)"
149\CCTV149.jpg,149\Y2015M05D08h03m50s38PTZ3.jpg,1,"(282, 589, 423, 802)","(904, 1258, 362, 798)"
93\CCTV093.jpg,120\Y2015M05D11h06m58s46PTZ1.jpg,0,"(968, 1325, 413, 890)","(883, 1074, 169, 411)"
69\CCTV069.jpg,35\Y2015M06D09h09m37s18PTZ1.jpg,0,"(885, 1038, 454, 644)","(909, 1145, 596, 899)"
250\Mug250.jpg,14\Y2015M05D05h12m53s24PTZ2.jpg,0,"(5, 227, 10, 300)","(1425, 1686, 488, 812)"
67\CCTV067.jpg,67\Y2015M05D06h03m18s49PTZ5.jpg,1,"(1066, 1330, 578, 903)","(1384, 1685, 283, 665)"
33\Probe033.jpg,33\Y2015M05D14h19m24s08PTZ2.jpg,1,"(411, 724, 575, 1078)","(1057, 1274, 632, 918)"
214\Mug214.jpg,161\Y2015M05D29h13m13s10PTZ1.jpg,0,"(1, 233, 4, 307)","(517, 797, 315, 740)"
55\Mug055.jpg,55\Y2015M04D29h03m50s06PTZ1.jpg,1,"(3, 228, 27, 303)","(719, 946, 213, 541)"
161\CCTV161.jpg,161\Y2015M05D29h15m40s13PTZ3.jpg,1,"(997, 1224, 604, 916)","(397, 762, 601, 1019)"
8\CCTV008.jpg,71\Y2015M05D12h03m53s44PTZ1.jpg,0,"(346, 749, 264, 821)","(1283, 1491, 671, 955)"
14\CCTV014.jpg,6\Y2015M05D04h09m58s23PTZ2.jpg,0,"(1105, 1481, 261, 801)","(1146, 1390, 485, 811)"
252\Mug252.jpg,228\Y2015M05D14h18m03s16PTZ2.jpg,0,"(15, 220, 19, 284)","(905, 1296, 458, 1022)"
1\CCTV001.jpg,40\Y2015M04D28h05m43s02PTZ3.jpg,0,"(692, 1132, 245, 861)","(1078, 1401, 387, 792)"
2\Mug002.jpg,2\Y2015M04D30h04m06s14PTZ1.jpg,1,"(27, 228, 38, 312)","(1042, 1389, 65, 558)"
31\CCTV031.jpg,23\Y2015M05D05h03m51s18PTZ4.jpg,0,"(1198, 1572, 467, 971)","(687, 1056, 389, 818)"
33\CCTV033.jpg,214\Y2015M05D26h16m10s04PTZ1.jpg,0,"(541, 846, 445, 872)","(494, 687, 469, 803)"
79\Mug079.jpg,27\Y2015M05D08h12m07s35PTZ4.jpg,0,"(59, 261, 0, 320)","(1298, 1581, 228, 710)"
162\Probe162.jpg,162\Y2015M05D12h12m37s30PTZ3.jpg,1,"(388, 694, 602, 1056)","(782, 1060, 277, 638)"
234\CCTV234.jpg,212\Y2015M05D29h17m47s47PTZ1.jpg,0,"(991, 1406, 224, 821)","(776, 1148, 461, 933)"
106\CCTV106.jpg,106\Y2015M05D13h01m53s20PTZ2.jpg,1,"(710, 1140, 339, 899)","(900, 1256, 171, 650)"
139\CCTV139.jpg,90\Y2015M05D04h11m42s53PTZ2.jpg,0,"(1025, 1439, 344, 889)","(1440, 1651, 599, 905)"
162\Mug162.jpg,11\Y2015M05D26h16m31s03PTZ1.jpg,0,"(20, 235, 9, 298)","(1049, 1333, 311, 692)"
157\Mug157.jpg,157\Y2015M05D15h12m47s19PTZ1.jpg,1,"(26, 228, 43, 318)","(1081, 1282, 191, 481)"
57\CCTV057.jpg,10\Y2015M05D12h12m30s06PTZ5.jpg,0,"(0, 1920, 0, 1080)","(1264, 1495, 617, 905)"
216\Mug216.jpg,216\Y2015M06D23h15m23s34PTZ2.jpg,1,"(32, 231, 27, 332)","(441, 706, 276, 698)"
172\Mug172.jpg,206\Y2015M05D12h06m10s14PTZ2.jpg,0,"(3, 218, 4, 260)","(500, 908, 330, 822)"
208\Mug208.jpg,4\Y2015M05D08h09m43s50PTZ7.jpg,0,"(4, 229, 0, 303)","(620, 1028, 357, 941)"
252\CCTV252.jpg,252\Y2015M05D22h19m44s47PTZ1.jpg,1,"(699, 1022, 337, 771)","(859, 1077, 293, 570)"
249\CCTV249.jpg,249\Y2015M05D18h18m09s27PTZ1.jpg,1,"(1308, 1671, 156, 669)","(1180, 1385, 479, 768)"
181\CCTV181.jpg,73\Y2015M06D23h15m40s16PTZ1.jpg,0,"(1101, 1377, 399, 763)","(1394, 1629, 212, 535)"
268\CCTV268.jpg,268\Y2015M06D11h13m22s05PTZ3.jpg,1,"(1158, 1445, 532, 941)","(999, 1321, 410, 865)"
106\Probe106.jpg,106\Y2015M05D13h01m53s20PTZ2.jpg,1,"(396, 658, 590, 961)","(900, 1256, 171, 650)"
3\CCTV003.jpg,226\Y2015M05D13h05m46s23PTZ1.jpg,0,"(1162, 1468, 546, 946)","(1410, 1619, 281, 558)"
33\Mug033.jpg,9\Y2015M05D28h10m41s53PTZ3.jpg,0,"(21, 223, 2, 298)","(773, 1013, 336, 644)"
11\Mug011.jpg,228\Y2015M05D14h18m03s16PTZ2.jpg,0,"(10, 220, 17, 269)","(905, 1296, 458, 1022)"
15\Probe015.jpg,15\Y2015M05D08h06m00s16PTZ1.jpg,1,"(342, 649, 590, 1025)","(1135, 1427, 503, 869)"
90\CCTV090.jpg,104\Y2015M06D12h11m21s24PTZ3.jpg,0,"(989, 1358, 337, 858)","(1105, 1395, 611, 981)"
15\Mug015.jpg,15\Y2015M05D08h06m00s16PTZ1.jpg,1,"(17, 214, 11, 279)","(1135, 1427, 503, 869)"
3\Probe003.jpg,3\Y2015M05D07h10m50s55PTZ1.jpg,1,"(122, 290, 225, 456)","(963, 1200, 526, 838)"
14\Mug014.jpg,144\Y2015M05D07h06m32s33PTZ2.jpg,0,"(17, 223, 10, 280)","(1057, 1284, 394, 708)"
54\Mug054.jpg,54\Y2015M04D30h11m47s25PTZ2.jpg,1,"(18, 230, 9, 296)","(1037, 1264, 577, 866)"
109\Mug109.jpg,32\Y2015M05D07h01m44s18PTZ3.jpg,0,"(5, 241, 7, 298)","(889, 1063, 377, 641)"
102\CCTV102.jpg,208\Y2015M06D05h10m32s08PTZ4.jpg,0,"(563, 945, 418, 916)","(673, 900, 675, 980)"
45\CCTV045.jpg,72\Y2015M05D11h12m21s33PTZ2.jpg,0,"(932, 1149, 572, 849)","(690, 973, 400, 823)"
108\Probe108.jpg,108\Y2015M05D28h13m14s01PTZ1.jpg,1,"(293, 481, 370, 653)","(911, 1159, 351, 721)"
23\Probe023.jpg,23\Y2015M04D29h02m14s56PTZ1.jpg,1,"(322, 645, 519, 980)","(954, 1170, 353, 609)"
42\Mug042.jpg,230\Y2015M07D14h09m24s23PTZ2.jpg,0,"(58, 260, 0, 337)","(776, 1082, 556, 895)"
117\CCTV117.jpg,117\Y2015M06D11h18m30s32PTZ1.jpg,1,"(1140, 1389, 543, 886)","(505, 781, 627, 969)"
59\Mug059.jpg,59\Y2015M04D29h05m39s56PTZ2.jpg,1,"(14, 212, 25, 270)","(662, 926, 407, 747)"
131\Mug131.jpg,34\Y2015M05D22h20m06s52PTZ3.jpg,0,"(8, 229, 11, 298)","(1052, 1429, 562, 1079)"
218\Probe218.jpg,218\Y2015M05D15h17m55s43PTZ1.jpg,1,"(400, 660, 381, 791)","(1208, 1469, 392, 765)"
118\Mug118.jpg,162\Y2015M05D21h15m56s36PTZ1.jpg,0,"(23, 235, 0, 330)","(1323, 1550, 652, 925)"
252\CCTV252.jpg,252\Y2015M05D27h12m09s00PTZ1.jpg,1,"(699, 1022, 337, 771)","(1120, 1452, 185, 640)"
45\Mug045.jpg,182\Y2015M05D11h03m59s52PTZ1.jpg,0,"(37, 226, 44, 303)","(939, 1314, 36, 468)"
185\CCTV185.jpg,98\Y2015M06D12h20m52s03PTZ1.jpg,0,"(779, 1193, 144, 702)","(1017, 1236, 514, 815)"
10\Mug010.jpg,10\Y2015M05D25h16m09s18PTZ2.jpg,1,"(16, 221, 8, 283)","(947, 1212, 404, 767)"
30\Probe030.jpg,30\Y2015M04D28h03m17s36PTZ3.jpg,1,"(348, 654, 573, 1054)","(809, 1112, 498, 949)"
113\CCTV113.jpg,172\Y2015M06D18h17m11s03PTZ3.jpg,0,"(788, 1270, 420, 1026)","(1509, 1780, 466, 754)"
207\CCTV207.jpg,207\Y2015M05D12h03m14s59PTZ1.jpg,1,"(1275, 1608, 275, 735)","(1307, 1515, 729, 1020)"
106\Mug106.jpg,102\Y2015M05D12h02m37s23PTZ2.jpg,0,"(34, 240, 55, 288)","(1496, 1716, 589, 881)"
67\Probe067.jpg,67\Y2015M05D06h03m18s49PTZ8.jpg,1,"(336, 629, 652, 1030)","(912, 1249, 184, 624)"
185\CCTV185.jpg,185\Y2015M05D11h04m01s16PTZ3.jpg,1,"(779, 1193, 144, 702)","(788, 1028, 6, 291)"
223\CCTV223.jpg,41\Y2015M04D28h05m43s34PTZ6.jpg,0,"(769, 1185, 288, 810)","(1182, 1336, 794, 1016)"
10\CCTV010.jpg,10\Y2015M05D12h12m30s06PTZ5.jpg,1,"(987, 1252, 441, 800)","(1264, 1495, 617, 905)"
19\Mug019.jpg,19\Y2015M05D05h01m07s24PTZ2.jpg,1,"(19, 216, 9, 287)","(1327, 1589, 258, 625)"
266\CCTV266.jpg,32\Y2015M07D02h16m04s00PTZ5.jpg,0,"(872, 1137, 287, 647)","(776, 1071, 518, 841)"
194\Probe194.JPG,194\Y2015M06D02h17m40s26PTZ1.jpg,1,"(263, 455, 535, 800)","(620, 862, 483, 829)"
266\Mug266.jpg,136\Y2015M05D13h02m03s31PTZ1.jpg,0,"(10, 223, 7, 306)","(843, 1048, 368, 635)"
231\Mug231.jpg,231\Y2015M10D06h14m45s24PTZ3.jpg,1,"(16, 217, 5, 289)","(899, 1082, 633, 876)"
118\CCTV118.jpg,156\Y2015M05D07h11m14s38PTZ1.jpg,0,"(451, 811, 192, 710)","(909, 1231, 229, 678)"
2\Probe002.jpg,2\Y2015M04D30h12m12s50PTZ1.jpg,1,"(350, 628, 567, 987)","(902, 1108, 253, 545)"
137\Mug137.jpg,64\Y2015M05D07h02m15s56PTZ1.jpg,0,"(54, 257, 4, 295)","(607, 953, 375, 858)"
124\Mug124.jpg,124\Y2015M05D13h12m55s18PTZ5.jpg,1,"(25, 235, 49, 306)","(225, 557, 404, 831)"
161\Mug161.jpg,204\Y2015M05D13h01m49s03PTZ1.jpg,0,"(7, 215, 4, 308)","(858, 1014, 90, 286)"
246\CCTV246.jpg,246\Y2015M05D15h12m46s29PTZ3.jpg,1,"(689, 1118, 391, 911)","(1189, 1425, 681, 963)"
163\Mug163.jpg,120\Y2015M06D04h20m12s46PTZ2.jpg,0,"(2, 234, 0, 304)","(467, 811, 523, 955)"
260\Mug260.jpg,80\Y2015M05D08h03m58s59PTZ2.jpg,0,"(6, 214, 7, 267)","(1032, 1236, 131, 394)"
158\Mug158.jpg,116\Y2015M05D12h06m12s45PTZ1.jpg,0,"(9, 228, 1, 297)","(93, 330, 478, 800)"
6\CCTV006.jpg,6\Y2015M05D20h05m29s09PTZ1.jpg,1,"(815, 1102, 534, 900)","(801, 1080, 489, 824)"
24\CCTV024.jpg,24\Y2015M06D03h17m11s45PTZ5.jpg,1,"(1234, 1614, 363, 920)","(521, 945, 501, 1075)"
148\Mug148.jpg,148\Y2015M05D13h04m58s11PTZ2.jpg,1,"(18, 216, 11, 296)","(1029, 1227, 666, 935)"
216\CCTV216.jpg,25\Y2015M05D11h12m15s40PTZ8.jpg,0,"(845, 1187, 306, 876)","(1289, 1603, 604, 1041)"
19\CCTV019.jpg,19\Y2015M05D05h01m07s24PTZ1.jpg,1,"(1187, 1542, 502, 986)","(1039, 1292, 232, 578)"
158\Mug158.jpg,93\Y2015M05D27h15m23s53PTZ5.jpg,0,"(9, 228, 1, 297)","(1137, 1569, 183, 809)"
137\Mug137.jpg,77\Y2015M05D19h12m05s41PTZ3.jpg,0,"(54, 257, 4, 295)","(1271, 1653, 525, 885)"
25\Mug025.jpg,195\Y2015M05D18h18m35s25PTZ1.jpg,0,"(31, 232, 45, 302)","(149, 385, 603, 894)"
197\Mug197.jpg,197\Y2015M05D25h18m34s20PTZ1.jpg,1,"(8, 215, 7, 318)","(806, 1005, 617, 898)"
157\CCTV157.jpg,6\Y2015M05D04h09m58s23PTZ3.jpg,0,"(757, 1145, 404, 911)","(1354, 1621, 495, 829)"
90\CCTV090.jpg,90\Y2015M06D23h18m13s47PTZ8.jpg,1,"(989, 1358, 337, 858)","(829, 1204, 409, 914)"
194\CCTV194.jpg,218\Y2015M05D15h17m55s43PTZ1.jpg,0,"(986, 1215, 641, 949)","(1208, 1469, 392, 765)"
158\CCTV158.jpg,234\Y2015M05D15h14m55s24PTZ1.jpg,0,"(347, 773, 253, 850)","(1146, 1505, 343, 872)"
33\CCTV033.jpg,57\Y2015M05D06h04m19s12PTZ1.jpg,0,"(541, 846, 445, 872)","(1056, 1523, 200, 846)"
149\Mug149.jpg,234\Y2015M05D15h14m55s24PTZ1.jpg,0,"(15, 231, 19, 281)","(1146, 1505, 343, 872)"
96\Mug096.jpg,96\Y2015M05D13h09m53s29PTZ2.jpg,1,"(18, 224, 4, 295)","(1005, 1296, 593, 1001)"
242\Mug242.jpg,242\Y2015M06D15h16m19s08PTZ3.jpg,1,"(32, 240, 51, 295)","(1105, 1401, 434, 819)"
18\CCTV018.jpg,73\Y2015M05D26h19m31s06PTZ2.jpg,0,"(928, 1245, 509, 900)","(92, 308, 710, 986)"
90\CCTV090.jpg,79\Y2015M05D28h14m42s26PTZ1.jpg,0,"(989, 1358, 337, 858)","(478, 873, 572, 1058)"
71\Probe071.jpg,71\Y2015M05D12h03m53s44PTZ1.jpg,1,"(296, 490, 417, 702)","(1283, 1491, 671, 955)"
137\Mug137.jpg,266\Y2015M05D29h15m31s31PTZ1.jpg,0,"(54, 257, 4, 295)","(1096, 1402, 459, 864)"
198\CCTV198.jpg,175\Y2015M06D01h17m33s13PTZ3.jpg,0,"(841, 1166, 162, 611)","(1220, 1624, 556, 1060)"
184\CCTV184.jpg,134\Y2015M05D07h12m17s01PTZ1.jpg,0,"(1110, 1497, 435, 947)","(1157, 1367, 300, 571)"
100\Probe100.jpg,100\Y2015M06D24h10m55s25PTZ5.jpg,1,"(285, 468, 350, 610)","(1129, 1565, 132, 726)"
194\Mug194.jpg,118\Y2015M05D21h17m50s11PTZ3.jpg,0,"(5, 231, 5, 299)","(980, 1311, 591, 1061)"
76\Probe076.jpg,76\Y2015M05D18h11m13s19PTZ1.jpg,1,"(294, 518, 390, 716)","(998, 1312, 272, 687)"
24\Mug024.jpg,24\Y2015M06D30h13m24s30PTZ4.jpg,1,"(18, 222, 2, 302)","(722, 1072, 378, 895)"
60\CCTV060.jpg,205\Y2015M06D25h17m28s11PTZ3.jpg,0,"(1434, 1734, 145, 538)","(966, 1257, 284, 676)"
212\CCTV212.jpg,212\Y2015M05D15h17m26s23PTZ2.jpg,1,"(776, 1067, 631, 1014)","(903, 1128, 383, 679)"
54\Probe054.jpg,54\Y2015M05D28h15m05s07PTZ3.jpg,1,"(376, 646, 405, 801)","(1086, 1476, 272, 818)"
249\Mug249.jpg,70\Y2015M05D05h04m26s57PTZ7.jpg,0,"(20, 221, 1, 303)","(798, 1170, 423, 934)"
59\CCTV059.jpg,59\Y2015M04D29h05m39s56PTZ5.jpg,1,"(1084, 1443, 199, 676)","(787, 1207, 433, 986)"
102\Mug102.jpg,11\Y2015M05D26h16m31s03PTZ1.jpg,0,"(60, 261, 1, 329)","(1049, 1333, 311, 692)"
91\Mug091.jpg,161\Y2015M05D29h15m40s13PTZ3.jpg,0,"(26, 236, 38, 316)","(397, 762, 601, 1019)"
91\Probe091.jpg,91\Y2015M05D07h10m45s29PTZ1.jpg,1,"(377, 632, 658, 1056)","(845, 1057, 436, 765)"
13\Mug013.jpg,19\Y2015M05D05h01m07s24PTZ2.jpg,0,"(32, 238, 48, 297)","(1327, 1589, 258, 625)"
49\CCTV049.jpg,49\Y2015M05D21h17m56s17PTZ4.jpg,1,"(713, 1093, 445, 938)","(723, 1105, 299, 791)"
209\Mug209.jpg,209\Y2015M05D18h17m41s29PTZ4.jpg,1,"(20, 233, 12, 281)","(995, 1248, 599, 959)"
3\Mug003.jpg,41\Y2015M04D28h05m43s34PTZ7.jpg,0,"(19, 235, 11, 294)","(783, 976, 782, 1047)"
179\CCTV179.jpg,194\Y2015M06D09h10m33s44PTZ2.jpg,0,"(836, 1144, 188, 642)","(1202, 1410, 717, 1007)"
188\Probe188.JPG,188\Y2015M06D15h11m05s05PTZ4.jpg,1,"(282, 471, 464, 709)","(686, 927, 701, 1000)"
242\CCTV242.jpg,242\Y2015M06D03h12m25s24PTZ1.jpg,1,"(360, 718, 535, 1037)","(738, 956, 432, 683)"
69\Probe069.jpg,69\Y2015M06D11h13m40s52PTZ2.jpg,1,"(206, 449, 589, 929)","(285, 531, 573, 884)"
13\Probe013.jpg,13\Y2015M06D08h12m20s50PTZ1.jpg,1,"(432, 747, 571, 1032)","(356, 658, 330, 772)"
35\CCTV035.jpg,35\Y2015M06D29h17m58s38PTZ3.jpg,1,"(532, 854, 402, 849)","(338, 668, 336, 747)"
57\CCTV057.jpg,205\Y2015M05D15h17m52s33PTZ2.jpg,0,"(0, 1920, 0, 1080)","(1037, 1293, 697, 944)"
249\CCTV249.jpg,14\Y2015M06D04h18m08s17PTZ2.jpg,0,"(1308, 1671, 156, 669)","(605, 911, 470, 884)"
123\Mug123.jpg,266\Y2015M05D29h15m31s31PTZ1.jpg,0,"(30, 227, 50, 304)","(1096, 1402, 459, 864)"
19\CCTV019.jpg,19\Y2015M05D05h01m06s41PTZ2.jpg,1,"(1187, 1542, 502, 986)","(576, 752, 106, 358)"
2\CCTV002.jpg,105\Y2015M05D04h05m58s14PTZ1.jpg,0,"(1060, 1262, 343, 648)","(1251, 1426, 623, 840)"
183\CCTV183.jpg,183\Y2015M05D11h03m11s35PTZ1.jpg,1,"(84, 509, 290, 873)","(1126, 1319, 449, 725)"
184\Probe184.jpg,184\Y2015M05D12h05m50s23PTZ1.jpg,1,"(377, 671, 811, 1218)","(1186, 1397, 704, 981)"
171\CCTV171.jpg,171\Y2015M05D08h04m48s31PTZ2.jpg,1,"(1250, 1435, 591, 820)","(1254, 1446, 600, 833)"
96\Mug096.jpg,237\Y2015M05D15h15m38s34PTZ5.jpg,0,"(18, 224, 4, 295)","(817, 1070, 284, 630)"
4\Mug004.jpg,179\Y2015M06D12h09m38s57PTZ2.jpg,0,"(29, 240, 45, 303)","(1273, 1478, 329, 627)"
149\Mug149.jpg,149\Y2015M05D08h03m50s35PTZ1.jpg,1,"(15, 231, 19, 281)","(1046, 1249, 615, 865)"
136\CCTV136.jpg,215\Y2015M05D22h17m50s51PTZ2.jpg,0,"(1403, 1815, 383, 970)","(1024, 1405, 340, 813)"
148\CCTV148.jpg,246\Y2015M05D25h12m24s39PTZ3.jpg,0,"(760, 1101, 393, 882)","(1086, 1430, 526, 947)"
157\CCTV157.jpg,157\Y2015M05D12h04m19s53PTZ5.jpg,1,"(757, 1145, 404, 911)","(700, 1115, 437, 1014)"
58\CCTV058.jpg,58\Y2015M04D29h04m34s49PTZ5.jpg,1,"(859, 1108, 337, 687)","(989, 1269, 477, 857)"
70\Probe070.jpg,70\Y2015M05D05h04m26s57PTZ8.jpg,1,"(309, 607, 386, 803)","(467, 875, 310, 890)"
104\CCTV104.jpg,94\Y2015M05D04h04m10s59PTZ4.jpg,0,"(984, 1200, 479, 761)","(1510, 1678, 601, 821)"
117\Probe117.jpg,117\Y2015M05D25h10m49s36PTZ1.jpg,1,"(398, 713, 607, 1028)","(0, 1920, 0, 1080)"
142\Probe142.jpg,142\Y2015M06D23h11m49s51PTZ1.jpg,1,"(389, 705, 522, 946)","(907, 1250, 616, 992)"
124\Mug124.jpg,1\Y2015M05D15h15m43s46PTZ4.jpg,0,"(25, 235, 49, 306)","(273, 662, 394, 903)"
70\CCTV070.jpg,70\Y2015M04D30h03m26s32PTZ6.jpg,1,"(1333, 1539, 664, 930)","(1246, 1667, 349, 932)"
11\Mug011.jpg,11\Y2015M05D26h16m31s03PTZ1.jpg,1,"(10, 220, 17, 269)","(1049, 1333, 311, 692)"
105\CCTV105.jpg,105\Y2015M05D04h05m58s14PTZ5.jpg,1,"(1023, 1450, 232, 816)","(822, 1082, 333, 687)"
265\Mug265.jpg,265\Y2015M05D25h16m17s57PTZ3.jpg,1,"(2, 239, 18, 306)","(1014, 1327, 383, 812)"
123\CCTV123.jpg,123\Y2015M05D06h12m02s12PTZ4.jpg,1,"(980, 1444, 417, 1011)","(301, 521, 569, 862)"
2\Mug002.jpg,240\Y2015M05D18h16m47s28PTZ3.jpg,0,"(27, 228, 38, 312)","(1069, 1385, 592, 995)"
148\Mug148.jpg,15\Y2015M04D30h05m24s42PTZ5.jpg,0,"(18, 216, 11, 296)","(809, 1147, 482, 931)"
196\CCTV196.jpg,196\Y2015M05D21h17m50s11PTZ1.jpg,1,"(636, 1023, 326, 895)","(839, 1044, 278, 563)"
237\Mug237.jpg,165\Y2015M05D07h05m02s28PTZ4.jpg,0,"(6, 211, 7, 271)","(955, 1233, 591, 965)"
185\CCTV185.jpg,185\Y2015M05D11h04m01s16PTZ2.jpg,1,"(779, 1193, 144, 702)","(906, 1136, 16, 341)"
191\Mug191.jpg,194\Y2015M06D02h17m40s26PTZ1.jpg,0,"(17, 230, 13, 297)","(620, 862, 483, 829)"
98\Mug098.jpg,18\Y2015M06D13h13m03s54PTZ5.jpg,0,"(3, 226, 3, 302)","(1007, 1367, 578, 986)"
43\Mug043.jpg,43\Y2015M05D07h05m39s29PTZ2.jpg,1,"(6, 224, 7, 300)","(408, 758, 575, 1043)"
11\CCTV011.jpg,14\Y2015M05D07h01m50s33PTZ3.jpg,0,"(939, 1155, 313, 602)","(794, 969, 725, 952)"
158\Mug158.jpg,127\Y2015M05D07h11m03s53PTZ3.jpg,0,"(9, 228, 1, 297)","(0, 1920, 0, 1080)"
33\Mug033.jpg,33\Y2015M05D28h12m09s31PTZ1.jpg,1,"(21, 223, 2, 298)","(1312, 1640, 370, 872)"
23\CCTV023.jpg,23\Y2015M05D22h17m07s17PTZ3.jpg,1,"(542, 943, 226, 746)","(1104, 1476, 430, 929)"
20\CCTV020.jpg,20\Y2015M05D11h11m09s10PTZ1.jpg,1,"(0, 1920, 0, 1080)","(893, 1104, 354, 630)"
198\Mug198.jpg,200\Y2015M05D13h01m26s47PTZ4.jpg,0,"(12, 226, 5, 298)","(906, 1252, 587, 1062)"
75\CCTV075.jpg,75\Y2015M05D07h05m47s07PTZ2.jpg,1,"(835, 1049, 565, 824)","(879, 1088, 562, 828)"
205\Mug205.jpg,45\Y2015M04D28h06m06s06PTZ5.jpg,0,"(7, 213, 13, 250)","(923, 1288, 519, 1003)"
188\CCTV188.jpg,121\Y2015M05D05h03m33s26PTZ4.jpg,0,"(1058, 1454, 543, 1073)","(1167, 1564, 458, 1015)"
131\Probe131.JPG,131\Y2015M05D13h12m42s33PTZ3.jpg,1,"(298, 502, 489, 775)","(950, 1303, 641, 1047)"
23\Mug023.jpg,23\Y2015M05D05h03m51s18PTZ4.jpg,1,"(16, 227, 10, 284)","(687, 1056, 389, 818)"
18\Probe018.jpg,18\Y2015M06D04h19m30s02PTZ2.jpg,1,"(350, 665, 591, 1051)","(844, 1216, 450, 966)"
27\CCTV027.jpg,128\Y2015M05D18h18m15s27PTZ2.jpg,0,"(1049, 1493, 223, 849)","(731, 969, 738, 1002)"
237\Probe237.jpg,237\Y2015M05D15h15m38s34PTZ3.jpg,1,"(375, 668, 621, 1009)","(614, 835, 536, 804)"
43\Probe043.jpg,43\Y2015M05D07h05m39s29PTZ2.jpg,1,"(399, 641, 671, 1026)","(408, 758, 575, 1043)"
35\CCTV035.jpg,35\Y2015M05D21h17m42s40PTZ1.jpg,1,"(532, 854, 402, 849)","(0, 1920, 0, 1080)"
